Date,Actual_Close,Predicted_Close,Prediction_Error,Direction_Actual,Direction_Predicted,Direction_Correct
2015-07-17,132.5500031,133.8479,-1.2978972906250021,-1.0,-1.0,True
2015-07-20,131.7899933,133.79086,-2.000869737109383,-1.0,-1.0,True
2015-07-21,131.8399963,133.44882,-1.6088257214843793,-1.0,-1.0,True
2015-07-22,132.5700073,133.06503,-0.4950256589843889,-1.0,-1.0,True
2015-07-23,132.2700043,132.9064,-0.6363982878906143,-1.0,-1.0,True
2015-07-24,133.4600067,133.42908,0.030929551562508095,1.0,1.0,True
2015-07-27,133.1799927,132.3439,0.8360901121093889,1.0,1.0,True
2015-07-28,129.8500061,132.6464,-2.7963867222656233,-1.0,1.0,False
2015-07-29,128.3099976,131.73373,-3.4237365308593724,-1.0,-1.0,True
2015-07-30,128.8099976,131.4846,-2.674606281835935,-1.0,-1.0,True
2015-07-31,129.9499969,131.9168,-1.9667969232421854,-1.0,-1.0,True
2015-08-03,131.0899963,131.55292,-0.4629211804687543,-1.0,-1.0,True
2015-08-04,129.0099945,131.05948,-2.04948425976562,-1.0,1.0,False
2015-08-05,127.4199982,129.46648,-2.0464782404296926,-1.0,1.0,False
2015-08-06,127.7900009,129.45753,-1.667533890039067,-1.0,1.0,False
2015-08-07,128.1900024,130.60783,-2.41783146230469,-1.0,1.0,False
2015-08-10,127.87000269999999,130.73177,-2.861763047070326,-1.0,-1.0,True
2015-08-11,127.87000269999999,128.85841,-0.9884109962890761,-1.0,-1.0,True
2015-08-12,126.0400009,127.14172,-1.1017227328125045,-1.0,-1.0,True
2015-08-13,122.5,127.97888,-5.4788818359375,-1.0,1.0,False
2015-08-14,119.0500031,128.91599,-9.865982007421877,-1.0,1.0,False
2015-08-17,113.5199966,127.30581,-13.785812420996095,-1.0,-1.0,True
2015-08-18,113.3700027,126.93622,-13.56621556171875,-1.0,-1.0,True
2015-08-19,117.83999630000001,126.70033,-8.860336341601553,-1.0,1.0,False
2015-08-20,119.5699997,124.76084,-5.1908416696289095,-1.0,1.0,False
2015-08-21,120.7699966,122.919754,-2.1497574283203136,1.0,1.0,True
2015-08-24,118.3799973,117.05617,1.323829697460937,1.0,1.0,True
2015-08-25,114.3399963,118.11468,-3.774681129199223,1.0,1.0,True
2015-08-26,117.6200027,117.85901,-0.23900608906249943,-1.0,1.0,False
2015-08-27,119.6100006,120.683945,-1.073944102148431,1.0,1.0,True
2015-08-28,116.5,120.91503,-4.415031433105469,-1.0,1.0,False
2015-08-31,121.2399979,119.754654,1.4853439693359434,1.0,1.0,True
2015-09-01,120.6200027,115.42325,5.196754408984376,1.0,1.0,True
2015-09-03,117.0999985,120.328064,-3.228065464843752,-1.0,1.0,False
2015-09-04,116.3499985,117.66856,-1.3185577133789081,-1.0,1.0,False
2015-09-08,119.9599991,120.082855,-0.12285612460937045,-1.0,-1.0,True
2015-12-10,124.8000031,125.49509,-0.6950835699218771,-1.0,1.0,False
2015-12-11,124.3899994,124.724785,-0.3347854510742252,1.0,1.0,True
2015-12-14,124.6500015,124.09618,0.5538177231445331,1.0,1.0,True
2015-12-15,125.5800018,123.29324,2.28675839179688,1.0,1.0,True
2015-12-17,125.7699966,125.75354,0.01645656093749892,1.0,1.0,True
2015-12-18,124.4700012,124.32802,0.14198301152343618,1.0,-1.0,False
2015-12-21,124.7600021,124.8509,-0.09089664267578712,1.0,1.0,True
2015-12-22,123.2200012,125.95202,-2.73201753779297,-1.0,1.0,False
2015-12-23,123.04000090000001,126.34181,-3.301811233789053,-1.0,-1.0,True
2015-12-24,121.4599991,125.978325,-4.518325790136714,-1.0,1.0,False
2015-12-28,121.1399994,124.69002,-3.550018300195319,-1.0,1.0,False
2015-12-29,118.3799973,125.0541,-6.674102736621094,-1.0,1.0,False
2015-12-30,115.5699997,125.186714,-9.616714472363284,-1.0,1.0,False
2015-12-31,113.0599976,124.893875,-11.83387752207031,-1.0,1.0,False
2016-01-04,114.8099976,123.661575,-8.85157771738281,-1.0,1.0,False
2016-01-05,115.8300018,122.831726,-7.001724274218745,-1.0,1.0,False
2016-01-06,114.9899979,120.945244,-5.955245935449213,-1.0,1.0,False
2016-01-07,116.29000089999998,119.55289,-3.2628860628906438,1.0,1.0,True
2016-01-08,112.5999985,115.71435,-3.1143493393554706,-1.0,1.0,False
2016-01-12,111.5100021,117.60793,-6.0979309444336,-1.0,1.0,False
2016-01-13,111.0999985,117.68176,-6.581764195312502,-1.0,1.0,False
2016-01-14,115.9499969,116.63652,-0.6865234857421854,-1.0,1.0,False
2016-01-15,113.4100037,113.40082,0.0091858289062543,1.0,1.0,True
2016-03-31,98.26999664,108.02316,-9.753166201796873,-1.0,1.0,False
2016-04-01,100.6600037,105.16846,-4.508453331249996,-1.0,1.0,False
2016-04-04,98.43000031,104.870346,-6.440345759335941,-1.0,1.0,False
2016-04-05,101.5800018,104.315834,-2.735832245410151,1.0,1.0,True
2016-04-06,104.2600021,105.86013,-1.6001282100585996,1.0,1.0,True
2016-04-07,104.9599991,103.752785,1.2072143709960983,1.0,1.0,True
2016-04-08,103.6800003,103.45968,0.22032165009765947,1.0,1.0,True
2016-04-11,103.3600006,102.42004,0.9399642840820377,1.0,1.0,True
2016-04-12,104.6999969,103.55647,1.1435241216796896,1.0,1.0,True
2016-04-13,104.8499985,103.133606,1.716392542968748,1.0,-1.0,False
2016-04-14,105.4400024,102.51336,2.9266433301757786,1.0,-1.0,False
2016-04-15,107.4499969,102.982285,4.467712354101565,1.0,-1.0,False
2016-04-18,107.3399963,101.50396,5.836036644238277,1.0,-1.0,False
2016-04-19,107.31999969999998,104.52056,2.799438481738264,1.0,-1.0,False
2016-04-20,106.3700027,102.88391,3.4860915671875006,1.0,-1.0,False
2016-04-21,102.9599991,105.51552,-2.555519088476558,-1.0,1.0,False
2016-04-22,101.6999969,109.34663,-7.646629381738279,-1.0,1.0,False
2016-04-25,102.4700012,108.571976,-6.101974508007814,-1.0,1.0,False
2016-04-26,101.4499969,108.71039,-7.260391283593748,-1.0,1.0,False
2016-04-27,100.6200027,107.91334,-7.293335007519531,-1.0,1.0,False
2016-04-28,101.2699966,104.14256,-2.8725662662109386,-1.0,1.0,False
2016-05-02,102.61000060000002,104.43973,-1.8297271832031043,1.0,1.0,True
2016-05-03,104.8199997,104.7922,0.02780151884765303,1.0,1.0,True
2016-05-04,98.44000243999999,103.727,-5.286994935488295,-1.0,1.0,False
2016-05-05,101.3799973,103.44226,-2.0622634421875006,1.0,1.0,True
2016-05-06,99.79000092,104.51819,-4.728187556562503,-1.0,1.0,False
2016-05-09,100.8199997,103.448204,-2.628204340527347,-1.0,1.0,False
2016-05-10,100.6100006,104.68766,-4.07765961728515,-1.0,-1.0,True
2016-05-11,101.5299988,103.94891,-2.4189147742187487,1.0,1.0,True
2016-05-12,99.61000061,105.39352,-5.783515930527344,-1.0,1.0,False
2016-05-13,100.6100006,104.18553,-3.575531016210931,1.0,1.0,True
2016-05-16,99.55000305,104.224556,-4.67455291923828,-1.0,1.0,False
2016-05-17,100.6399994,104.860405,-4.220405568261725,1.0,1.0,True
2016-05-18,102.62000270000001,104.16655,-1.5465469826171727,1.0,1.0,True
2016-05-19,102.2699966,104.85047,-2.5804748965820323,1.0,1.0,True
2016-05-20,100.5899963,104.68282,-4.092826881152348,-1.0,1.0,False
2016-05-23,103.4100037,104.19127,-0.7812652208984332,1.0,1.0,True
2016-05-24,103.3300018,103.719696,-0.3896942449218699,1.0,1.0,True
2016-05-25,103.8199997,105.573975,-1.7539749093750032,1.0,1.0,True
2016-05-26,103.5,104.25063,-0.7506332397460938,1.0,1.0,True
2016-05-27,105.5400009,104.58521,0.9547881924804642,1.0,1.0,True
2016-05-31,105.4899979,106.08271,-0.5927123661132754,1.0,1.0,True
2016-06-01,105.6500015,104.67446,0.9755401352539081,1.0,1.0,True
2016-06-02,104.5,104.88879,-0.38878631591796875,1.0,1.0,True
2016-06-03,103.1999969,104.487206,-1.2872086053710916,-1.0,1.0,False
2016-06-06,101.6900024,106.79307,-5.103065532128909,-1.0,1.0,False
2016-06-07,101.0800018,106.6332,-5.553199799121089,-1.0,1.0,False
2016-06-08,102.4800034,106.849205,-4.369201617089843,-1.0,1.0,False
2016-06-09,101.9899979,104.84357,-2.853568994531244,-1.0,1.0,False
2016-06-10,103.2399979,105.13889,-1.8988952274414004,1.0,1.0,True
2016-06-14,107.1200027,104.86184,2.258163405566407,1.0,1.0,True
2016-06-15,106.5,105.81546,0.684539794921875,1.0,1.0,True
2016-06-16,109.9499969,104.07084,5.879157971777346,1.0,1.0,True
2016-06-17,103.9599991,104.75054,-0.7905425870117142,1.0,1.0,True
2016-06-20,100.2600021,109.40675,-9.146751440039068,-1.0,1.0,False
2016-06-21,99.84999847,109.7422,-9.89220428878906,-1.0,1.0,False
2016-06-22,101.5199966,108.24506,-6.725067181738282,-1.0,1.0,False
2016-06-23,99.98999786,110.343704,-10.35370636363281,-1.0,1.0,False
2016-06-27,99.18000031,104.40576,-5.225761408750003,-1.0,1.0,False
2016-06-28,99.77999878,104.85741,-5.077407836210938,-1.0,1.0,False
2016-06-30,102.0699997,104.619736,-2.5497360177734407,1.0,1.0,True
2016-07-01,105.6600037,103.912094,1.7479095837890668,1.0,1.0,True
2016-07-05,106.5400009,104.06861,2.471389754980464,1.0,1.0,True
2016-07-06,107.8600006,104.57794,3.2820587054687564,1.0,1.0,True
2016-09-19,117.0999985,116.30341,0.7965851088867169,1.0,1.0,True
2016-09-20,118.3199997,116.70566,1.6143417410156218,1.0,1.0,True
2016-09-21,117.6299973,119.80265,-2.172653151660157,-1.0,1.0,False
2016-09-22,115.98999790000002,119.859665,-3.8696670169921674,-1.0,-1.0,True
2016-09-23,116.0599976,119.19835,-3.138351399023435,-1.0,1.0,False
2016-09-26,115.2600021,117.29865,-2.038650548925787,-1.0,1.0,False
2016-09-27,115.3300018,119.81576,-4.485755951464839,-1.0,1.0,False
2016-09-28,117.0699997,118.779816,-1.7098159738281282,-1.0,1.0,False
2016-09-29,116.4400024,115.902275,0.5377273145507786,1.0,-1.0,False
2016-09-30,115.8899994,115.6896,0.2004013165038998,-1.0,-1.0,True
2016-10-03,116.4199982,115.28413,1.1358719182617136,1.0,1.0,True
2016-10-04,115.31999969999998,115.31099,0.009010320117170068,-1.0,-1.0,True
2016-10-05,115.1500015,116.38657,-1.2365722915039044,-1.0,-1.0,True
2016-10-06,114.6900024,116.03641,-1.3464050707031276,-1.0,-1.0,True
2016-10-07,115.0899963,115.322945,-0.23294834111328555,-1.0,-1.0,True
2016-10-10,115.4300003,115.41532,0.014678949902346972,-1.0,-1.0,True
2016-10-11,115.0500031,113.59875,1.451255846582029,-1.0,-1.0,True
2016-10-12,114.8899994,115.429756,-0.5397567645507877,-1.0,1.0,False
2016-10-13,116.1399994,115.39004,0.7499618633788998,1.0,1.0,True
2016-10-14,115.2699966,115.1941,0.07589717373046767,1.0,1.0,True
2016-10-17,115.4499969,115.203156,0.24684138242187714,1.0,-1.0,False
2016-10-18,115.25,115.84406,-0.5940628051757812,1.0,1.0,True
2016-10-19,115.5,115.55212,-0.05211639404296875,1.0,1.0,True
2016-10-20,114.8499985,116.77849,-1.9284896591796894,-1.0,1.0,False
2016-10-21,114.8099976,115.06161,-0.2516097608398411,-1.0,-1.0,True
2016-10-24,115.6600037,115.68641,-0.02640529658202695,1.0,1.0,True
2016-10-25,114.7300034,116.70675,-1.9767455624023427,-1.0,1.0,False
2016-10-26,113.37999729999999,115.68758,-2.3075789939453273,-1.0,1.0,False
2016-10-27,113.1699982,115.06299,-1.8929900812500051,-1.0,1.0,False
2016-10-31,112.4800034,116.54441,-4.064407305566405,-1.0,1.0,False
2016-11-01,113.8099976,115.28933,-1.479331928808591,-1.0,1.0,False
2016-11-02,111.8099976,114.03687,-2.2268752637695286,-1.0,1.0,False
2016-11-03,110.8600006,113.57429,-2.714286814550775,-1.0,1.0,False
2016-11-04,111.9499969,112.02619,-0.07619481142577911,1.0,1.0,True
2016-11-07,111.7799988,112.800446,-1.0204467566406237,-1.0,1.0,False
2016-11-08,112.4899979,113.642654,-1.1526565189453066,-1.0,-1.0,True
2016-11-09,112.5699997,111.46901,1.1009903005859343,1.0,-1.0,False
2016-11-10,113.2399979,112.00891,1.2310867671875059,1.0,1.0,True
2016-11-11,114.0400009,114.01268,0.027320846289057954,1.0,1.0,True
2016-11-14,114.5100021,113.44402,1.0659789676757754,1.0,1.0,True
2016-11-15,113.7799988,114.60441,-0.8244094641601549,1.0,1.0,True
2016-11-16,114.5100021,114.83306,-0.3230591182617246,1.0,1.0,True
2016-11-17,117.8000031,115.98021,1.8197937494140604,1.0,1.0,True
2016-11-18,117.65000150000002,116.48817,1.1618346909179849,1.0,1.0,True
2016-11-22,118.5299988,115.63227,2.89772798701172,1.0,1.0,True
2016-11-23,117.7699966,117.541695,0.22830195888671767,1.0,1.0,True
2016-11-25,116.8300018,119.366585,-2.536582977832026,-1.0,1.0,False
2016-11-28,117.5599976,118.74368,-1.1836852613281224,-1.0,1.0,False
2016-11-29,117.8799973,120.28035,-2.400352431445313,-1.0,1.0,False
2016-11-30,121.4599991,120.215004,1.2449951327148483,1.0,1.0,True
2016-12-02,122.9800034,118.06311,4.916893048437501,1.0,1.0,True
2016-12-05,121.8600006,119.12826,2.7317428485351627,1.0,1.0,True
2016-12-06,123.0699997,119.62907,3.4409332327148405,1.0,1.0,True
2016-12-07,121.0599976,120.55079,0.5092087206054714,-1.0,-1.0,True
2017-02-22,114.73999790000002,115.74534,-1.0053405399413862,1.0,1.0,True
2017-02-23,113.38999939999998,116.3168,-2.9268035785156457,-1.0,1.0,False
2017-02-24,113.3399963,115.41376,-2.0737610242187543,-1.0,1.0,False
2017-02-27,112.91000370000002,116.72682,-3.816818199414044,-1.0,1.0,False
2017-02-28,112.6500015,113.768486,-1.1184845229492169,-1.0,1.0,False
2017-03-01,111.8000031,115.66097,-3.860969495214846,-1.0,1.0,False
2017-03-02,112.1900024,114.44563,-2.255630534570315,-1.0,1.0,False
2017-03-03,112.6600037,114.149124,-1.4891204455078082,-1.0,1.0,False
2017-03-06,113.4000015,113.09468,0.3053207138671894,1.0,1.0,True
2017-03-07,112.0899963,112.92034,-0.830345191699223,-1.0,1.0,False
2017-03-08,113.2399979,111.22315,2.0168457393554746,1.0,-1.0,False
2017-03-09,113.2399979,111.96424,1.2757568721679746,1.0,-1.0,False
2017-03-10,112.2099991,112.16417,0.045829788476567046,-1.0,-1.0,True
2017-03-14,111.3899994,112.657135,-1.2671356097656314,-1.0,1.0,False
2017-03-15,110.8300018,114.03408,-3.2040787053710886,-1.0,1.0,False
2017-03-16,110.5100021,113.44873,-2.938728368750006,-1.0,1.0,False
2017-03-17,111.3600006,111.553085,-0.19308472714843106,-1.0,-1.0,True
2017-05-31,107.5299988,109.99379,-2.463790872851561,-1.0,1.0,False
2017-06-01,105.7799988,110.12228,-4.342277506152342,-1.0,1.0,False
2017-06-02,105.7399979,110.92817,-5.188171350488275,-1.0,1.0,False
2017-06-05,106.4499969,110.09352,-3.6435242181640604,-1.0,1.0,False
2017-06-06,107.4100037,109.70174,-2.291732750195308,-1.0,1.0,False
2017-06-07,106.6999969,109.93459,-3.2345963006835916,-1.0,1.0,False
2017-06-08,105.7799988,108.173035,-2.3930358679687487,0.0,1.0,False
2017-06-09,104.9000015,107.35943,-2.459426905761717,-1.0,1.0,False
2017-06-12,104.6999969,108.16164,-3.4616394525390604,-1.0,1.0,False
2017-06-13,103.8199997,109.35077,-5.530769342968753,-1.0,1.0,False
2017-06-14,104.5599976,108.000305,-3.4403075757812474,-1.0,1.0,False
2017-06-15,105.4899979,106.95945,-1.4694518680664004,-1.0,1.0,False
2017-06-16,105.2399979,104.92075,0.3192444209960996,1.0,1.0,True
2017-06-19,104.9800034,105.45983,-0.47982783779296767,1.0,1.0,True
2017-06-20,104.5400009,105.956955,-1.416954056054692,1.0,1.0,True
2017-06-21,105.3099976,106.14457,-0.8345717969726536,1.0,1.0,True
2017-06-22,104.3399963,108.25665,-3.9166565320312543,-1.0,1.0,False
2017-06-23,105.01999659999998,108.01087,-2.9908752872070465,-1.0,1.0,False
2017-06-26,106.0299988,108.07328,-2.043281534472655,1.0,1.0,True
2017-06-27,108.5299988,105.9659,2.564102193554689,1.0,1.0,True
2017-06-28,107.4499969,105.84942,1.6005782598632834,1.0,1.0,True
2017-06-29,108.4700012,107.52808,0.9419173987304674,1.0,1.0,True
2017-06-30,108.2200012,108.076195,0.14380643681640493,1.0,1.0,True
2017-07-03,108.2099991,108.85309,-0.6430892789062455,1.0,1.0,True
2017-07-06,109.83999630000001,110.067184,-0.2271881482421776,1.0,1.0,True
2017-07-07,110.1999969,110.15461,0.04538721982422089,1.0,1.0,True
2017-07-10,110.33000180000002,110.65762,-0.32762149101560567,1.0,1.0,True
2017-07-11,110.0,109.1135,0.8864974975585938,1.0,1.0,True
2017-07-12,109.6999969,110.618546,-0.9185486322265604,-1.0,1.0,False
2017-07-13,109.83999630000001,110.85684,-1.016845741015615,1.0,1.0,True
2017-07-14,109.3099976,110.90686,-1.5968627515624974,-1.0,1.0,False
2017-07-17,109.4100037,110.82321,-1.4132079699218707,-1.0,1.0,False
2017-07-18,110.1299973,110.853294,-0.7232970725585943,1.0,1.0,True
2017-07-19,110.7699966,110.78972,-0.01972202792968858,1.0,1.0,True
2017-07-20,111.6699982,111.08211,0.5878906560546824,1.0,1.0,True
2017-07-21,112.2600021,110.158676,2.1013259525390566,1.0,1.0,True
2017-07-24,112.8399963,111.257675,1.5823211291015582,1.0,1.0,True
2017-07-25,114.1699982,111.20625,2.9637451482421824,1.0,1.0,True
2017-07-26,114.1900024,111.050316,3.1396865430664036,1.0,1.0,True
2017-07-27,112.7300034,112.13476,0.5952454043945323,1.0,1.0,True
2017-07-28,113.6399994,112.46002,1.1799774273437436,1.0,1.0,True
2017-07-31,114.1299973,112.0253,2.1046982277343744,1.0,-1.0,False
2017-08-01,114.2200012,114.64589,-0.4258880822265638,1.0,1.0,True
2017-08-02,113.09999850000001,114.860245,-1.7602462509765502,-1.0,1.0,False
2017-08-03,112.3799973,110.56889,1.811103867382812,-1.0,-1.0,True
2017-08-04,112.1200027,112.28882,-0.16881565937499943,-1.0,-1.0,True
2017-08-07,113.0299988,112.82285,0.20714571162109507,-1.0,-1.0,True
2017-08-08,113.2799988,115.319244,-2.0392455847656237,-1.0,1.0,False
2017-08-09,112.3899994,114.61899,-2.2289886371093814,-1.0,1.0,False
2017-08-10,111.4499969,114.08863,-2.638633776269529,-1.0,1.0,False
2017-08-11,111.7300034,113.095055,-1.3650512264648427,-1.0,1.0,False
2017-08-14,112.7200012,113.83441,-1.1144104210937513,-1.0,1.0,False
2017-08-15,112.8700027,114.75957,-1.889564560742187,-1.0,1.0,False
2017-08-16,112.8499985,113.45498,-0.6049804428710956,1.0,1.0,True
2017-08-17,112.2200012,112.95727,-0.7372665612304701,1.0,1.0,True
2017-08-21,112.2699966,112.072395,0.19760127529296767,-1.0,-1.0,True
2017-08-22,112.0800018,112.28249,-0.20249179130858863,-1.0,-1.0,True
2017-08-23,112.2900009,113.14744,-0.8574371493164108,-1.0,1.0,False
2017-08-24,112.9800034,112.468925,0.5110779239257823,1.0,1.0,True
2017-08-25,113.0299988,112.72624,0.3037567345703138,1.0,-1.0,False
2017-08-28,113.6200027,111.0202,2.5998000632812506,1.0,-1.0,False
2017-08-29,113.7300034,112.381546,1.3484573794921886,1.0,1.0,True
2017-08-30,114.2799988,112.59861,1.681388875683595,1.0,1.0,True
2017-08-31,114.9700012,113.58463,1.3853683264648424,1.0,1.0,True
2017-09-01,116.2300034,112.68303,3.5469742251953136,1.0,-1.0,False
2017-09-05,116.5400009,114.08428,2.4557189786132767,1.0,1.0,True
2017-09-06,116.6100006,114.78405,1.8259506122070377,1.0,1.0,True
2017-09-07,117.0999985,115.92441,1.175590541015623,1.0,1.0,True
2017-09-08,117.6900024,115.88687,1.8031310621093724,1.0,1.0,True
2017-09-11,117.5899963,117.22838,0.3616180041015582,1.0,1.0,True
2017-09-14,120.0500031,118.28877,1.7612305169921854,1.0,1.0,True
2017-09-15,120.6299973,118.4345,2.1954956520507807,1.0,1.0,True
2017-09-18,120.9700012,118.65404,2.315963724414061,1.0,1.0,True
2017-09-19,121.3300018,120.97046,0.3595428156250051,1.0,1.0,True
2017-09-20,121.4899979,120.531425,0.9585724239257871,1.0,1.0,True
2017-09-21,119.5999985,120.573105,-0.9731063583984394,-1.0,1.0,False
2017-09-22,119.16999820000001,121.70987,-2.539871184765616,-1.0,1.0,False
2017-09-25,119.3099976,120.67256,-1.3625640455078099,-1.0,-1.0,True
2017-09-26,120.3399963,121.887566,-1.547569312792973,-1.0,1.0,False
2017-09-27,120.9700012,121.552124,-0.5821228234375013,-1.0,1.0,False
2017-09-28,120.8399963,120.202194,0.6378020861328082,1.0,1.0,True
2017-09-29,121.8700027,119.98838,1.8816222678710943,1.0,1.0,True
2017-10-02,121.66999819999998,119.29931,2.370689423144512,1.0,-1.0,False
2017-10-03,124.0800018,120.994865,3.0851363825195364,1.0,1.0,True
2017-10-04,123.5599976,121.339874,2.2201233324218776,1.0,1.0,True
2017-10-05,123.1900024,120.92264,2.2673644605468724,1.0,1.0,True
2017-10-09,123.4199982,122.69195,0.7280502629882761,1.0,1.0,True
2017-10-10,123.30999759999999,124.65686,-1.3468627515625116,-1.0,1.0,False
2017-10-11,124.2600021,125.291435,-1.0314331416992246,1.0,1.0,True
2017-10-12,123.0699997,125.57552,-2.505523676464847,-1.0,1.0,False
2017-10-13,123.70999910000002,124.53499,-0.8249893033202937,1.0,1.0,True
2017-10-17,123.8799973,124.147995,-0.2679976951171881,1.0,1.0,True
2017-10-18,122.3399963,125.010086,-2.670089759570317,-1.0,1.0,False
2017-10-19,123.8499985,123.49159,0.3584060927734356,1.0,1.0,True
2017-10-23,124.3899994,123.12589,1.2641067608398373,1.0,1.0,True
2017-10-24,123.99999999999999,124.63193,-0.6319274902343892,1.0,1.0,True
2017-10-25,124.4300003,123.4923,0.9376983590820345,1.0,1.0,True
2017-10-26,125.3099976,124.669235,0.6407623705078151,1.0,1.0,True
2017-10-27,125.6200027,125.23403,0.3859710227539068,1.0,1.0,True
2017-10-30,125.6299973,126.19962,-0.5696258079101568,1.0,1.0,True
2017-10-31,127.4599991,125.057884,2.402114883691411,1.0,1.0,True
2017-11-01,127.9800034,126.013695,1.9663086368164073,1.0,1.0,True
2017-11-02,125.4599991,125.557816,-0.09781645175780795,1.0,1.0,True
2017-11-03,124.4899979,126.90447,-2.414474451074213,-1.0,1.0,False
2017-11-06,125.6699982,126.45286,-0.7828597711914114,1.0,1.0,True
2017-11-07,124.8700027,127.987206,-3.117202805371093,-1.0,1.0,False
2017-11-08,123.6600037,127.955826,-4.295822105664058,-1.0,-1.0,True
2017-11-09,124.3700027,126.6707,-2.300697373242187,-1.0,1.0,False
2017-11-10,123.2900009,125.232025,-1.9420242464843795,-1.0,1.0,False
2017-11-13,124.29000089999998,125.43359,-1.1435928500000188,-1.0,-1.0,True
2017-11-14,125.7799988,126.04811,-0.2681121619140612,1.0,1.0,True
2017-11-15,126.0800018,124.736336,1.3436660456054739,1.0,1.0,True
2017-11-16,126.0500031,125.87039,0.17961125429687286,1.0,1.0,True
2017-11-17,125.9800034,124.17409,1.8059158755859386,1.0,1.0,True
2017-11-20,126.9599991,125.085396,1.8746032870117233,1.0,1.0,True
2017-11-21,126.5500031,126.764854,-0.2148513311523459,1.0,1.0,True
2017-11-22,126.3399963,127.151306,-0.8113098523437543,1.0,1.0,True
2017-11-27,123.9199982,125.66758,-1.7475814508789114,-1.0,-1.0,True
2017-11-28,123.6800003,125.83762,-2.157623296191403,-1.0,-1.0,True
2017-11-29,122.9700012,125.184364,-2.2143631188476576,-1.0,-1.0,True
2017-11-30,123.3899994,125.915054,-2.525054921289069,-1.0,-1.0,True
2017-12-01,124.4499969,125.41659,-0.9665909295898416,1.0,1.0,True
2017-12-04,123.9300003,124.29043,-0.36042786162109053,1.0,1.0,True
2017-12-05,124.25,124.736786,-0.486785888671875,1.0,1.0,True
2017-12-06,124.9199982,122.714645,2.2053528142578074,1.0,-1.0,False
2017-12-07,125.0,123.69847,1.3015289306640625,1.0,1.0,True
2017-12-08,124.3399963,124.66064,-0.32064060185547305,-1.0,1.0,False
2017-12-11,127.3199997,123.8045,3.515502934863278,1.0,-1.0,False
2017-12-13,127.6299973,124.91187,2.718124436230468,1.0,-1.0,False
2017-12-14,128.2799988,125.82484,2.455162069042956,1.0,1.0,True
2017-12-15,128.3200073,124.06338,4.256629919628892,1.0,-1.0,False
2017-12-18,127.9800034,126.60771,1.3722916080078136,1.0,-1.0,False
2017-12-19,128.2299957,125.8116,2.4183959685546768,1.0,-1.0,False
2017-12-20,128.2700043,127.05226,1.2177429474609482,1.0,-1.0,False
2017-12-21,127.16999820000001,127.95511,-0.7851104425781159,-1.0,-1.0,True
2017-12-22,128.3699951,127.480606,0.8893890208984487,1.0,-1.0,False
2017-12-26,130.1300049,127.26021,2.8697967701171763,1.0,-1.0,False
2017-12-27,132.1600037,127.81932,4.340683021289067,1.0,-1.0,False
2017-12-28,133.8600006,128.50194,5.358062733789069,1.0,1.0,True
2017-12-29,134.7700043,128.01495,6.755050686718761,1.0,1.0,True
2018-01-02,133.7200012,127.64919,6.070808389941419,1.0,-1.0,False
2018-01-03,136.3999939,129.83055,6.569442752539061,1.0,-1.0,False
2018-01-04,136.9100037,131.05437,5.855636634570317,1.0,-1.0,False
2018-01-05,137.1999969,131.05801,6.141982983984377,1.0,-1.0,False
2018-01-08,137.9700012,131.13864,6.831359842578138,1.0,-1.0,False
2018-01-09,140.7200012,130.72325,9.996749857226575,1.0,-1.0,False
2018-01-10,138.6300049,128.43077,10.199234025976551,1.0,-1.0,False
2018-01-11,139.8500061,129.4302,10.419799801171877,1.0,-1.0,False
2018-01-12,139.3999939,130.10344,9.29655456894531,1.0,-1.0,False
2018-01-16,139.2799988,132.03441,7.24559023066405,1.0,-1.0,False
2018-01-17,139.0299988,132.0225,7.0074920861328,-1.0,-1.0,True
2018-01-18,138.1799927,133.14584,5.034149194140639,-1.0,-1.0,True
2018-01-22,139.5299988,133.29057,6.2394256798828,1.0,-1.0,False
2018-01-23,139.6199951,133.5751,6.044891340234386,1.0,-1.0,False
2018-01-24,137.9199982,133.63727,4.282730133593759,-1.0,-1.0,True
2018-01-25,138.8000031,134.06549,4.734512377343748,1.0,-1.0,False
2018-01-26,136.6199951,134.3864,2.2335967845703237,-1.0,-1.0,True
2018-01-29,131.9299927,134.71196,-2.7819671388671736,-1.0,-1.0,True
2018-01-30,138.7599945,135.13377,3.6262206962890673,-1.0,-1.0,True
2018-01-31,136.8800049,136.54706,0.33294679453123877,-1.0,-1.0,True
2018-02-01,134.4299927,137.19661,-2.7666167970702986,-1.0,-1.0,True
2018-02-02,136.5700073,137.50702,-0.9370117429687639,-1.0,1.0,False
2018-02-06,135.0399933,136.26613,-1.2261352400390706,-1.0,-1.0,True
2018-02-07,135.4700012,136.61734,-1.1473388878906121,-1.0,-1.0,True
2018-02-08,135.2799988,137.5837,-2.3036956580078254,1.0,1.0,True
2018-02-09,136.1999969,136.45833,-0.25833134707031036,-1.0,-1.0,True
2018-02-13,134.8000031,136.51697,-1.7169646734375021,-1.0,1.0,False
2018-02-14,135.2299957,135.64474,-0.41474917304688574,-1.0,1.0,False
2018-02-15,137.0299988,136.47704,0.5529632775390496,1.0,1.0,True
2018-02-16,138.4299927,136.37688,2.0531158689453264,1.0,1.0,True
2018-05-03,138.3899994,129.54979,8.840209971289056,1.0,-1.0,False
2018-05-04,138.0700073,129.17766,8.892349218945299,1.0,-1.0,False
2018-05-07,138.1399994,130.23715,7.902847300390619,1.0,-1.0,False
2018-05-08,136.2200012,129.45296,6.7670440466797,1.0,-1.0,False
2018-05-09,137.3500061,131.35942,5.990585323632814,1.0,-1.0,False
2018-05-10,136.6699982,133.33772,3.3322754216796966,-1.0,-1.0,True
2018-05-11,136.0399933,133.73785,2.302139296093742,-1.0,-1.0,True
2018-05-14,136.4499969,133.07242,3.377578687109377,-1.0,-1.0,True
2018-05-15,135.7400055,131.02855,4.711456305664058,-1.0,-1.0,True
2018-05-16,134.8300018,132.44695,2.3830566095703034,-1.0,-1.0,True
2018-05-18,129.9600067,132.37508,-2.4150695939453044,-1.0,-1.0,True
2018-05-21,126.6999969,131.71474,-5.01474003847656,-1.0,-1.0,True
2018-05-22,127.2300034,131.69153,-4.461524920312499,-1.0,-1.0,True
2018-05-23,127.9700012,132.83432,-4.864318868359376,-1.0,-1.0,True
2018-05-25,134.2799988,132.263,2.016998311718737,1.0,1.0,True
2018-05-29,133.4600067,129.79118,3.6688232283203206,1.0,1.0,True
2018-05-31,136.4499969,131.88007,4.569930982031252,1.0,1.0,True
2018-06-01,136.2100067,134.0677,2.1423034529296956,1.0,1.0,True
2018-06-04,137.1499939,133.52107,3.628921512304686,1.0,-1.0,False
2018-06-05,134.5500031,133.4848,1.0652008539062479,1.0,1.0,True
2018-06-06,135.4100037,133.09543,2.3145752332031293,-1.0,-1.0,True
2018-06-07,135.4400024,133.5954,1.8446044507812474,-1.0,-1.0,True
2018-06-08,135.8099976,133.59232,2.2176819261718776,-1.0,-1.0,True
2018-06-11,136.5200043,134.02336,2.4966430939453232,-1.0,-1.0,True
2018-06-12,136.1499939,132.30786,3.8421325718749983,1.0,-1.0,False
2018-06-13,134.3699951,132.52716,1.8428344554687612,-1.0,-1.0,True
2018-06-14,132.6600037,132.71565,-0.0556487658203082,-1.0,-1.0,True
2018-06-15,131.0,133.18819,-2.1881866455078125,-1.0,-1.0,True
2018-06-18,128.5700073,133.1171,-4.547088647265639,-1.0,-1.0,True
2018-06-19,129.2100067,132.8221,-3.6120910783203044,-1.0,-1.0,True
2018-06-20,127.1100006,132.61765,-5.507644663671869,-1.0,-1.0,True
2018-06-21,129.0899963,133.7325,-4.642501868945317,-1.0,1.0,False
2018-06-22,128.8099976,134.57933,-5.769332844335935,-1.0,1.0,False
2018-06-25,127.9300003,133.09666,-5.166664128710934,-1.0,1.0,False
2018-06-26,127.4000015,133.9045,-6.504493739257811,-1.0,1.0,False
2018-06-27,129.0700073,132.77934,-3.7093353513672014,1.0,1.0,True
2018-06-28,129.5599976,131.41782,-1.8578185621093724,1.0,1.0,True
2018-06-29,130.6999969,131.9905,-1.2904968744140604,1.0,1.0,True
2018-07-02,129.2700043,128.92891,0.34109499824219824,1.0,1.0,True
2018-07-03,128.0599976,129.69603,-1.6360320630859349,1.0,1.0,True
2018-07-05,129.1799927,130.98656,-1.8065643068359236,1.0,1.0,True
2018-07-06,129.5099945,131.19377,-1.6837768623046827,-1.0,1.0,False
2018-07-09,129.5099945,132.04607,-2.5360717841796827,-1.0,1.0,False
2018-07-10,131.4499969,129.95287,1.4971312994140646,1.0,1.0,True
2018-07-11,132.0899963,130.07832,2.011672935742183,1.0,1.0,True
2018-07-13,131.8000031,129.34111,2.4588928705078104,1.0,-1.0,False
2018-07-16,131.7299957,130.00467,1.7253265105468643,1.0,1.0,True
2018-07-17,132.5800018,130.9213,1.658706633984366,1.0,-1.0,False
2018-07-18,132.2100067,130.14415,2.0658569197265706,1.0,-1.0,False
2018-07-19,133.3300018,130.16878,3.1612243341796784,1.0,-1.0,False
2018-07-20,134.4600067,130.25584,4.204162583789071,1.0,-1.0,False
2018-07-23,134.9799957,129.52791,5.452087374804677,1.0,-1.0,False
2018-07-24,131.8399963,130.03242,1.8075713732421832,-1.0,-1.0,True
2018-07-25,131.6300049,130.18109,1.4489135914062388,-1.0,-1.0,True
2018-07-26,131.0500031,129.83817,1.2118378167968729,-1.0,-1.0,True
2018-07-27,131.3000031,131.31067,-0.010665845312502142,-1.0,-1.0,True
2018-07-30,128.4499969,131.5508,-3.1007996087890604,-1.0,-1.0,True
2018-07-31,128.5200043,131.53241,-3.0124053679687393,-1.0,-1.0,True
2018-08-01,127.08999629999998,131.7741,-4.684097327929706,-1.0,1.0,False
2018-08-02,125.4499969,131.16129,-5.711288500390623,-1.0,1.0,False
2018-08-03,124.2300034,131.41963,-7.189628558007811,-1.0,1.0,False
2018-08-06,123.5,128.77068,-5.2706756591796875,-1.0,1.0,False
2018-08-07,123.4499969,129.50095,-6.050949144921873,-1.0,1.0,False
2018-08-08,121.8499985,128.39027,-6.540275547851564,-1.0,1.0,False
2018-08-09,122.76000210000001,127.994705,-5.234703100195304,-1.0,1.0,False
2018-08-10,123.2799988,127.17624,-3.8962402136718737,-1.0,1.0,False
2018-08-13,123.2699966,127.2271,-3.9570999576171886,-1.0,1.0,False
2018-08-14,122.5699997,125.99847,-3.428466791699222,-1.0,1.0,False
2018-08-15,123.7399979,124.638466,-0.8984679813476504,1.0,1.0,True
2018-08-16,122.2600021,124.732666,-2.472663915625006,-1.0,1.0,False
2018-08-17,122.8399963,126.08059,-3.240592994433598,-1.0,1.0,False
2018-08-20,126.4700012,126.23862,0.23138425664062368,1.0,1.0,True
2018-08-21,126.0699997,122.76194,3.3080596975585905,1.0,1.0,True
2018-08-22,127.4800034,125.21839,2.26161198154297,1.0,1.0,True
2018-08-23,125.26000209999998,123.40569,1.8543090458007612,1.0,1.0,True
2018-08-24,124.0800018,123.37314,0.7068633722656301,1.0,1.0,True
2018-08-27,122.0100021,126.098656,-4.0886536006836,-1.0,-1.0,True
2018-08-28,120.4700012,126.87441,-6.404411336621095,-1.0,1.0,False
2018-08-29,120.1900024,126.77244,-6.582435649316409,-1.0,-1.0,True
2018-08-30,119.3000031,127.37301,-8.073005628027346,-1.0,1.0,False
2018-08-31,119.1800003,125.32728,-6.147277837207028,-1.0,1.0,False
2018-09-06,121.9599991,121.329544,0.630455032617192,1.0,1.0,True
2018-09-10,122.4800034,120.834076,1.645927472265626,1.0,1.0,True
2018-11-20,121.5800018,117.38141,4.198593108593755,1.0,1.0,True
2018-11-21,121.7799988,117.99084,3.7891617028320326,1.0,-1.0,False
2018-11-23,121.4800034,119.81512,1.6648865176757823,1.0,1.0,True
2018-11-26,123.5100021,121.41618,2.0938186283203066,1.0,1.0,True
2018-11-27,120.8799973,121.59065,-0.7106551658203131,-1.0,1.0,False
2018-11-28,121.8300018,122.478966,-0.6489639592773386,1.0,1.0,True
2018-11-29,119.9700012,122.34097,-2.3709717003906263,-1.0,1.0,False
2018-11-30,120.9400024,121.89445,-0.9544449266601589,-1.0,1.0,False
2018-12-03,120.4100037,125.51018,-5.100173912304683,-1.0,1.0,False
2018-12-04,121.8899994,125.00456,-3.114562977929694,1.0,1.0,True
2018-12-06,120.7799988,125.19405,-4.414054849902342,-1.0,1.0,False
2018-12-07,120.0999985,124.35349,-4.253494236816408,1.0,1.0,True
2018-12-10,119.55000309999998,123.91902,-4.369018506445329,-1.0,1.0,False
2018-12-11,120.0100021,122.78589,-2.775886571875006,-1.0,1.0,False
2018-12-12,119.3799973,124.41758,-5.037582350878907,-1.0,1.0,False
2018-12-13,118.4499969,122.67947,-4.229469347558592,-1.0,1.0,False
2018-12-14,113.9599991,122.54169,-8.581687911718745,-1.0,1.0,False
2018-12-17,111.8099976,122.89752,-11.087524372656247,-1.0,1.0,False
2018-12-18,113.7200012,122.91982,-9.199821492871095,-1.0,1.0,False
2018-12-19,115.4800034,122.56895,-7.088943438378905,-1.0,1.0,False
2018-12-20,116.3399963,121.42284,-5.082840003710942,-1.0,1.0,False
2018-12-21,116.0800018,117.49225,-1.4122467351562449,1.0,1.0,True
2018-12-24,116.27999879999999,115.26738,1.0126190392577996,1.0,1.0,True
2018-12-26,114.6500015,113.875175,0.7748260239257831,1.0,1.0,True
2018-12-27,119.7300034,116.78226,2.947746319921876,1.0,1.0,True
2018-12-28,121.2799988,116.80117,4.478828450878908,1.0,1.0,True
2018-12-31,122.3099976,116.71789,5.592109721582034,1.0,1.0,True
2019-01-02,122.9199982,115.34436,7.575637848437495,1.0,-1.0,False
2019-01-04,125.0699997,118.53838,6.531616216113278,1.0,-1.0,False
2019-01-07,125.3899994,121.47585,3.9141464336914,1.0,1.0,True
2019-01-08,126.2799988,121.84982,4.430175801953126,1.0,-1.0,False
2019-01-09,125.6600037,121.92615,3.7338562390625043,1.0,-1.0,False
2019-03-25,119.8799973,121.66147,-1.7814712058593756,-1.0,1.0,False
2019-03-26,120.6500015,123.56075,-2.910751368652342,-1.0,1.0,False
2019-03-27,121.0699997,122.3068,-1.2368011422851595,1.0,1.0,True
2019-03-28,122.0800018,120.9559,1.1240997003906301,1.0,1.0,True
2019-03-29,122.5400009,120.68298,1.8570175015624955,1.0,1.0,True
2019-04-02,122.05999760000002,122.570145,-0.5101470533202956,1.0,1.0,True
2019-04-03,122.1800003,123.19722,-1.0172195486328093,1.0,1.0,True
2019-04-04,121.0400009,124.08843,-3.0484314120117233,-1.0,1.0,False
2019-04-05,122.4000015,123.905266,-1.5052643081054669,-1.0,1.0,False
2019-04-08,121.9700012,123.9578,-1.9878006188476576,-1.0,1.0,False
2019-04-09,121.75,123.92635,-2.1763534545898438,-1.0,1.0,False
2019-04-10,124.0800018,123.94652,0.13348385566406762,1.0,1.0,True
2019-04-11,125.1600037,123.10964,2.0503616711914106,1.0,1.0,True
2019-04-12,124.1600037,123.25396,0.9060440442382856,1.0,1.0,True
2019-04-15,124.9400024,123.616356,1.3236465040039036,1.0,1.0,True
2019-04-16,122.8799973,123.4718,-0.5918044578125006,1.0,1.0,True
2019-04-17,123.1900024,126.6493,-3.459297221582034,-1.0,1.0,False
2019-04-18,123.6200027,126.71941,-3.099411057324218,-1.0,1.0,False
2019-04-22,123.8099976,126.8212,-3.0111999097656224,-1.0,1.0,False
2019-04-23,123.5999985,127.07913,-3.479133580078127,-1.0,1.0,False
2019-04-24,122.9199982,125.1685,-2.2485046076171926,1.0,1.0,True
2019-04-25,122.5899963,126.31342,-3.7234268567382856,-1.0,1.0,False
2019-04-26,123.6500015,126.059166,-2.409164454589842,1.0,1.0,True
2019-04-29,122.9800034,125.14781,-2.1678084896484364,-1.0,1.0,False
2019-04-30,122.5,126.25006,-3.75006103515625,-1.0,1.0,False
2019-05-01,121.7600021,124.828384,-3.0683822994140684,-1.0,1.0,False
2019-05-02,119.3199997,123.481155,-4.161155695507816,-1.0,1.0,False
2019-05-03,119.2699966,124.898964,-5.628967328222657,-1.0,1.0,False
2019-05-06,118.2600021,123.37763,-5.117630041113287,-1.0,1.0,False
2019-05-07,119.0699997,124.16726,-5.097259516308597,-1.0,1.0,False
2019-05-08,120.6399994,123.495316,-2.855316151757819,-1.0,1.0,False
2019-05-09,119.9000015,122.02165,-2.1216507216796856,1.0,1.0,True
2019-05-10,118.4000015,121.39412,-2.9941177626953106,-1.0,1.0,False
2019-05-13,118.1100006,121.15241,-3.042411814550775,-1.0,1.0,False
2019-05-14,118.25,121.560646,-3.3106460571289062,-1.0,1.0,False
2019-05-15,117.3199997,122.18271,-4.862709040234378,-1.0,1.0,False
2019-05-16,117.4700012,122.509674,-5.039672872265626,-1.0,1.0,False
2019-05-17,118.5500031,120.803894,-2.253890942968752,1.0,1.0,True
2019-05-20,119.4000015,120.84873,-1.4487304946289044,1.0,1.0,True
2019-05-21,119.55000309999998,120.82556,-1.2755584234375164,1.0,1.0,True
2019-05-22,119.75,119.82856,-0.07855987548828125,1.0,1.0,True
2019-05-23,117.5800018,120.5019,-2.921897919238276,1.0,1.0,True
2019-05-24,118.1299973,121.28719,-3.1571959983398443,-1.0,1.0,False
2019-05-28,119.5400009,120.72211,-1.1821060335937545,1.0,1.0,True
2019-05-29,120.2200012,121.53329,-1.313285848339845,1.0,1.0,True
2019-05-30,121.3000031,122.00547,-0.7054671758789084,1.0,1.0,True
2019-06-03,123.4899979,120.85481,2.6351852779296934,1.0,1.0,True
2019-06-04,124.9899979,122.21728,2.772720373144537,1.0,1.0,True
2019-06-05,125.6800003,122.54828,3.131721491406253,1.0,1.0,True
2019-06-06,124.7900009,123.54919,1.2408141934570267,1.0,1.0,True
2019-06-07,124.3899994,124.11232,0.27767945371093106,1.0,1.0,True
2019-06-11,125.37000270000001,125.50222,-0.13221745380857897,1.0,1.0,True
2019-06-12,125.2099991,126.0786,-0.868598922460933,-1.0,1.0,False
2019-06-13,125.8000031,126.00498,-0.2049788946289084,1.0,1.0,True
2019-06-14,124.8300018,126.03762,-1.2076187444335886,1.0,1.0,True
2019-08-27,132.1000061,130.36069,1.7393188441406267,1.0,-1.0,False
2019-08-28,131.1699982,129.83348,1.3365173650390716,1.0,-1.0,False
2019-08-29,132.0500031,129.55023,2.499771166406248,1.0,-1.0,False
2019-08-30,132.8300018,129.93471,2.8952941583984284,1.0,-1.0,False
2019-09-03,133.6199951,131.06346,2.5565337962890737,1.0,-1.0,False
2019-09-04,135.5500031,130.8759,4.67410283144531,1.0,-1.0,False
2019-09-05,135.7899933,130.86435,4.925643934765617,1.0,-1.0,False
2019-09-06,136.6600037,132.63324,4.026763953906254,1.0,1.0,True
2019-09-09,135.9400024,132.27617,3.66383357675781,1.0,-1.0,False
2019-09-10,137.8200073,132.48436,5.335647558789049,1.0,-1.0,False
2019-09-11,137.0500031,132.62375,4.426254320703123,1.0,-1.0,False
2019-09-12,136.5500031,132.43843,4.111572313867185,1.0,-1.0,False
2019-09-13,136.5599976,132.93015,3.6298523363281276,-1.0,-1.0,True
2019-09-16,136.3699951,131.38676,4.983230573632824,1.0,-1.0,False
2019-09-18,136.6199951,133.06638,3.5536193675781362,-1.0,-1.0,True
2019-09-20,136.2799988,133.46819,2.8118133751952996,-1.0,-1.0,True
2020-01-09,140.1000061,137.58192,2.518081661523439,-1.0,-1.0,True
2020-01-10,140.0399933,137.7867,2.2532959123046794,1.0,-1.0,False
2020-01-13,142.3800049,138.47525,3.9047546558593638,1.0,-1.0,False
2020-01-14,141.5599976,137.74023,3.8197632250000026,1.0,-1.0,False
2020-01-15,143.0599976,137.41733,5.642669719140628,1.0,-1.0,False
2020-01-16,142.75999449999998,137.99709,4.762908928710914,1.0,-1.0,False
2020-01-17,141.0599976,137.81248,3.247512858789065,1.0,-1.0,False
2020-01-21,142.58000179999996,138.47078,4.10922238105465,1.0,-1.0,False
2020-01-22,141.5500031,137.27444,4.275558519921873,-1.0,-1.0,True
2020-01-23,141.0800018,138.73605,2.343948333203116,-1.0,-1.0,True
2020-01-24,138.8399963,138.44196,0.3980407335937457,-1.0,-1.0,True
2020-01-27,138.9199982,137.71634,1.203659088671884,-1.0,-1.0,True
2020-01-28,140.9499969,138.55566,2.394332837500002,-1.0,-1.0,True
2020-01-29,141.7200012,137.93027,3.789733866015638,1.0,-1.0,False
2020-01-30,143.8500061,137.91399,5.936019893945314,1.0,-1.0,False
2020-01-31,142.3399963,137.84663,4.493362388867183,1.0,-1.0,False
2020-02-03,141.2799988,137.67499,3.605011007031237,1.0,-1.0,False
2020-02-04,142.1100006,138.62222,3.4877776996093814,1.0,-1.0,False
2020-02-05,142.4299927,138.00528,4.424713158984389,1.0,-1.0,False
2020-02-06,141.1000061,138.91922,2.1807861292968767,-1.0,-1.0,True
2020-02-07,140.1499939,138.25084,1.8991546666015608,-1.0,-1.0,True
2020-02-10,139.3800049,138.34914,1.0308685474609263,-1.0,-1.0,True
2020-02-11,137.8399963,139.23097,-1.3909759900390668,-1.0,-1.0,True
2020-02-12,139.1100006,138.75581,0.35418700136719394,-1.0,-1.0,True
2020-02-13,139.0399933,138.01332,1.0266723771484294,-1.0,-1.0,True
2020-02-14,134.4900055,137.99348,-3.5034789970703173,-1.0,-1.0,True
2020-02-18,134.0299988,138.7284,-4.698394754687513,-1.0,-1.0,True
2020-02-19,135.1300049,138.47339,-3.3433837718750112,-1.0,1.0,False
2020-02-20,131.3999939,138.72908,-7.329086300195314,-1.0,-1.0,True
2020-02-21,130.75,138.45877,-7.708770751953125,-1.0,-1.0,True
2020-02-24,132.7100067,136.77643,-4.066421522656242,-1.0,1.0,False
2020-02-25,130.9499969,137.43962,-6.489624071679685,-1.0,1.0,False
2020-02-26,131.8500061,137.73674,-5.886734012304686,-1.0,1.0,False
2020-02-28,127.1100006,134.24861,-7.138610850195306,-1.0,1.0,False
2020-03-02,122.7900009,136.88904,-14.099037185937505,-1.0,1.0,False
2020-03-03,126.9899979,136.12222,-9.13222500039062,-1.0,1.0,False
2020-03-04,122.7900009,134.51164,-11.721641556054692,-1.0,1.0,False
2020-03-05,112.1999969,133.6296,-21.42959599550781,-1.0,1.0,False
2020-03-06,116.2300034,131.86307,-15.633064226953124,-1.0,1.0,False
2020-03-09,108.5,128.81868,-20.318679809570312,-1.0,1.0,False
2020-03-10,118.8899994,130.98465,-12.094650258203131,-1.0,1.0,False
2020-03-11,116.0699997,130.18294,-14.112937922070316,-1.0,1.0,False
2020-03-12,118.2300034,117.58246,0.6475449039062511,1.0,1.0,True
2020-03-13,116.4599991,119.5502,-3.0902023160156205,1.0,1.0,True
2020-03-16,111.0999985,114.207664,-3.1076659897460956,1.0,1.0,True
2020-03-17,116.3499985,117.87644,-1.5264434555664081,-1.0,-1.0,True
2020-03-18,121.2900009,117.42071,3.8692931973632767,1.0,1.0,True
2020-03-19,126.3399963,118.31184,8.028160057324214,1.0,1.0,True
2020-03-20,127.2399979,121.46939,5.770607030859381,1.0,1.0,True
2020-03-23,125.2200012,112.03009,13.189910867968749,1.0,1.0,True
2020-03-24,119.9499969,115.89924,4.050758313574221,1.0,-1.0,False
2020-03-26,117.8199997,122.265915,-4.445915216992191,-1.0,-1.0,True
2020-03-27,115.0,122.636665,-7.636665344238281,-1.0,-1.0,True
2020-03-30,122.4100037,121.69889,0.711113013964848,-1.0,-1.0,True
2020-03-31,121.9000015,118.82971,3.070289585937502,1.0,-1.0,False
2020-07-21,125.4599991,126.11051,-0.6505126797851517,-1.0,-1.0,True
2020-07-22,123.98999790000002,126.239624,-2.24962612343748,-1.0,-1.0,True
2020-07-23,122.4599991,126.1915,-3.7314987027343705,-1.0,1.0,False
2020-07-24,119.3399963,125.89349,-6.553497352343754,-1.0,1.0,False
2020-07-27,120.9400024,126.33554,-5.395538371484378,-1.0,-1.0,True
2020-07-28,122.9100037,125.75927,-2.8492660143554644,-1.0,1.0,False
2020-07-29,124.8199997,124.73367,0.08632660429687178,1.0,1.0,True
2020-07-30,128.3399963,123.06423,5.275764427441402,1.0,1.0,True
2020-07-31,129.9600067,121.354324,8.605682359179696,1.0,1.0,True
2020-08-03,130.5700073,121.87043,8.699577307324205,1.0,1.0,True
2020-08-04,133.75,123.89059,9.859413146972656,1.0,1.0,True
2020-08-05,136.4400024,125.86837,10.571632343847654,1.0,1.0,True
2020-08-06,135.6399994,128.28136,7.358642588476556,1.0,-1.0,False
2020-08-10,135.5299988,129.66049,5.869506856640612,1.0,-1.0,False
2020-08-11,136.0800018,131.18932,4.890686004101553,1.0,-1.0,False
2020-08-12,135.2100067,131.39494,3.8150634626953206,-1.0,-1.0,True
2020-08-13,134.0899963,131.32661,2.763381920117183,-1.0,-1.0,True
2020-08-17,134.7599945,129.37494,5.385055535156255,-1.0,-1.0,True
2020-08-18,134.7899933,130.56773,4.222259535351554,-1.0,-1.0,True
2020-08-19,134.8899994,130.37566,4.514343272070306,-1.0,-1.0,True
2020-08-20,133.5599976,129.36697,4.193023723046878,-1.0,-1.0,True
2020-08-21,133.9199982,129.67432,4.245681793750009,1.0,-1.0,False
2020-08-24,132.4299927,130.89241,1.5375824216797014,-1.0,-1.0,True
2020-08-25,132.3000031,130.93839,1.3616180902343729,-1.0,-1.0,True
2020-08-26,132.5200043,132.04007,0.47993471992188574,-1.0,-1.0,True
2020-08-28,133.1699982,133.193,-0.022994964062490908,-1.0,-1.0,True
2020-08-31,131.2299957,132.72357,-1.4935760773437607,-1.0,1.0,False
2020-09-01,131.1300049,134.05624,-2.9262389964843862,-1.0,1.0,False
2020-09-02,130.1799927,134.439,-4.259002661328111,-1.0,1.0,False
2020-09-03,131.3399963,134.65764,-3.317642249804692,1.0,1.0,True
2020-09-04,133.7700043,134.52908,-0.7590789519531143,1.0,1.0,True
2020-09-08,134.0299988,134.18954,-0.1595458777343879,1.0,1.0,True
2020-09-09,134.0299988,133.92198,0.10801698847654961,1.0,1.0,True
2020-09-10,135.0,134.5979,0.402099609375,1.0,1.0,True
2020-09-14,131.2200012,134.73627,-3.516265889843737,-1.0,1.0,False
2020-09-15,132.25,134.51768,-2.2676849365234375,-1.0,1.0,False
2020-09-16,133.2899933,134.34196,-1.0519714216796956,-1.0,1.0,False
2020-09-17,131.8500061,134.14262,-2.292617801367186,-1.0,-1.0,True
2020-09-18,132.9700012,133.91626,-0.9462585656249871,-1.0,-1.0,True
2020-09-21,136.0099945,134.32013,1.6898651054687548,1.0,1.0,True
2020-09-22,134.25,135.01141,-0.76141357421875,1.0,1.0,True
2020-09-23,132.4400024,134.46967,-2.0296631273437526,-1.0,1.0,False
2020-09-24,132.4299927,134.47716,-2.0471648927734236,1.0,1.0,True
2020-09-25,131.7299957,134.69923,-2.9692383087890732,-1.0,1.0,False
2020-09-28,132.1000061,134.4908,-2.390792850195311,-1.0,-1.0,True
2020-09-29,131.2599945,134.22374,-2.9637451240234327,-1.0,-1.0,True
2020-09-30,132.4299927,134.13504,-1.7050475832031111,-1.0,1.0,False
2020-10-01,132.9499969,134.30168,-1.3516846185546854,1.0,1.0,True
2020-10-02,132.0800018,133.54338,-1.4633789373046966,1.0,1.0,True
2020-10-05,131.8000031,133.62714,-1.8271331304687521,-1.0,1.0,False
2020-10-06,132.6499939,133.45132,-0.8013305628906267,1.0,1.0,True
2020-10-07,131.5299988,133.5476,-2.017608621875013,-1.0,1.0,False
2020-10-08,131.1699982,132.85535,-1.685348479687491,-1.0,-1.0,True
2020-10-09,130.6399994,132.36186,-1.721862782617194,-1.0,1.0,False
2020-10-12,130.8800049,132.46,-1.5800018138671987,-1.0,1.0,False
2020-10-13,131.3099976,132.00565,-0.6956481519531224,-1.0,-1.0,True
2020-10-14,133.1399994,131.78937,1.3506317242187436,1.0,1.0,True
2020-10-15,133.4199982,131.48854,1.9314575505859466,1.0,1.0,True
2020-10-16,133.2799988,132.12164,1.1583557335937371,1.0,1.0,True
2020-10-19,132.8500061,131.76921,1.0807952845703142,1.0,1.0,True
2020-10-20,132.4600067,132.15814,0.3018646101562581,1.0,1.0,True
2020-10-21,130.0700073,132.31593,-2.2459259275390764,-1.0,-1.0,True
2020-10-22,131.3500061,132.0819,-0.7318878208984358,-1.0,-1.0,True
2020-10-23,131.2899933,132.0368,-0.7468108992187581,-1.0,-1.0,True
2020-10-26,133.2400055,131.94804,1.2919616767578077,1.0,-1.0,False
2020-10-27,135.8699951,132.18874,3.6812591380859487,1.0,-1.0,False
2020-10-28,134.1600037,131.2188,2.941207923632817,1.0,1.0,True
2020-10-29,137.0700073,132.65103,4.418975805859361,1.0,1.0,True
2020-11-03,139.9400024,132.36774,7.572265583593747,1.0,-1.0,False
2020-11-04,142.47999569999996,131.81851,10.661483737109336,1.0,-1.0,False
2020-11-05,139.6900024,132.03018,7.659820515234372,1.0,-1.0,False
2020-11-06,141.6199951,131.59761,10.022384626367199,1.0,-1.0,False
2020-11-09,144.11000059999998,133.8841,10.225906361718728,1.0,-1.0,False
2020-11-10,142.74000549999997,134.2366,8.503402716796842,1.0,-1.0,False
2020-11-11,141.8300018,133.89641,7.933593718945303,-1.0,-1.0,True
2020-11-13,142.13000489999996,135.30106,6.828948991796835,1.0,-1.0,False
2020-11-16,143.25999449999998,134.22731,9.032684319335914,-1.0,-1.0,True
2020-11-17,143.83999629999997,133.25938,10.58061214472653,1.0,-1.0,False
2020-11-18,141.3099976,133.23676,8.073242228906253,-1.0,-1.0,True
2020-11-19,140.1600037,133.49117,6.668838538867192,-1.0,-1.0,True
2020-11-20,134.4600067,133.52043,0.9395751814453206,-1.0,-1.0,True
2020-11-23,136.1399994,133.74336,2.396636973242181,-1.0,-1.0,True
2020-11-24,136.3399963,134.26686,2.073135338085933,-1.0,-1.0,True
2020-11-25,136.8500061,136.18573,0.6642761195312517,-1.0,-1.0,True
2020-11-27,138.2799988,137.26202,1.0179748742187371,-1.0,-1.0,True
2020-11-30,138.1499939,137.36136,0.7886352574218733,1.0,1.0,True
2020-12-02,140.8800049,137.16954,3.7104644947265513,1.0,1.0,True
2020-12-03,143.0700073,138.84305,4.226959204296861,1.0,1.0,True
2020-12-04,150.99999999999997,138.92401,12.075988769531222,1.0,1.0,True
2020-12-07,153.5800018,139.81075,13.769256560742178,1.0,1.0,True
2020-12-08,152.85000609999997,140.17621,12.673797603906223,1.0,1.0,True
2020-12-09,155.08999629999997,139.78711,15.302886924999967,1.0,-1.0,False
2020-12-10,154.63999939999997,139.25368,15.386322031835903,1.0,-1.0,False
2020-12-11,153.7700043,138.30246,15.467544583203136,1.0,-1.0,False
2020-12-14,151.77000429999998,137.31781,14.452194241406232,-1.0,-1.0,True
2020-12-15,150.7700043,136.31566,14.454345730664073,-1.0,-1.0,True
2020-12-16,151.1600037,136.8944,14.265609779101567,-1.0,-1.0,True
2020-12-17,150.47000119999998,135.92638,14.543624857226547,-1.0,-1.0,True
2020-12-21,153.33999629999997,136.01419,17.325805626171842,1.0,-1.0,False
2020-12-22,154.08999629999997,136.40894,17.681060753124967,1.0,-1.0,False
2020-12-23,154.57000729999996,136.3426,18.227401709179645,1.0,-1.0,False
2020-12-28,153.39999389999997,136.66965,16.730346683203095,1.0,-1.0,False
2020-12-29,153.5299988,136.30943,17.22056581660155,1.0,-1.0,False
2020-12-30,152.66999819999998,136.19453,16.475463898242168,-1.0,-1.0,True
2021-01-04,153.38999939999997,136.73068,16.65931702695309,1.0,-1.0,False
2021-01-05,151.75,136.82732,14.922683715820312,-1.0,-1.0,True
2021-01-06,150.64999389999997,136.77164,13.878356937109345,-1.0,-1.0,True
2021-01-08,148.41000369999998,137.79366,10.616348304492163,-1.0,-1.0,True
2021-01-11,148.1300049,138.12646,10.003540056249989,-1.0,-1.0,True
2021-01-12,149.97999569999996,137.9896,11.990402194140586,-1.0,-1.0,True
2021-01-13,151.33999629999997,138.8266,12.513397178906217,1.0,-1.0,False
2021-01-14,147.94999689999995,139.01006,8.939941358007758,-1.0,-1.0,True
2021-01-15,146.72000119999998,138.21594,8.504058817187484,-1.0,-1.0,True
2021-01-19,145.9799957,138.64667,7.333328219531239,-1.0,-1.0,True
2021-01-20,142.63999939999997,139.32169,3.31831360898434,-1.0,-1.0,True
2021-01-21,143.30000309999997,138.87991,4.420089769921844,-1.0,-1.0,True
2021-01-22,140.5200043,139.01184,1.5081634796875107,-1.0,-1.0,True
2021-01-25,140.4100037,138.80136,1.6086426160156293,-1.0,-1.0,True
2021-01-26,143.1199951,139.92085,3.1991424388671987,-1.0,-1.0,True
2021-01-27,148.0700073,139.36716,8.702850317578111,1.0,-1.0,False
2021-01-28,148.02000429999998,138.95804,9.061965969921857,1.0,-1.0,False
2021-01-29,150.86000059999998,138.33025,12.52975462832029,1.0,-1.0,False
2021-02-03,161.55999759999997,138.2778,23.2821960863281,1.0,-1.0,False
2021-02-04,158.9400024,137.73949,21.20051570566406,1.0,-1.0,False
2021-02-05,160.4900055,138.09607,22.393936164062495,1.0,-1.0,False
2021-02-08,156.47999569999996,137.28568,19.194320651171836,1.0,-1.0,False
2021-02-09,156.5299988,137.2585,19.271499654492175,1.0,-1.0,False
2021-02-10,153.44999689999997,137.76677,15.683227490820286,-1.0,-1.0,True
2021-02-11,153.5500031,137.71643,15.833572435937498,-1.0,-1.0,True
2021-02-12,152.4400024,138.07649,14.363510090429685,-1.0,-1.0,True
2021-02-16,152.72999569999996,137.82826,14.901733370898398,-1.0,-1.0,True
2021-02-17,152.4499969,136.84232,15.607681226171877,-1.0,-1.0,True
2021-02-18,149.2599945,137.8085,11.45149230273438,-1.0,-1.0,True
2021-02-19,147.92999269999996,137.54732,10.382675195117145,-1.0,-1.0,True
2021-02-22,149.3399963,138.0153,11.324691734570308,-1.0,-1.0,True
2021-02-23,149.21000669999998,138.09605,11.113952622851542,-1.0,-1.0,True
2021-02-24,148.83000179999996,138.38329,10.446716277539025,-1.0,-1.0,True
2021-02-25,146.8500061,138.43497,8.415039058984377,-1.0,-1.0,True
2021-02-26,148.52000429999998,138.25404,10.26596072089842,1.0,-1.0,False
2021-03-01,148.22999569999996,139.05556,9.174438449023398,-1.0,-1.0,True
2021-03-02,151.5399933,139.14641,12.393585218945304,1.0,-1.0,False
2021-03-03,151.8800049,139.3322,12.547805803320301,1.0,-1.0,False
2021-03-04,150.36000059999998,138.84213,11.517868031640603,1.0,-1.0,False
2021-03-05,150.5299988,138.63261,11.8973846642578,1.0,-1.0,False
2021-03-08,152.8999939,138.46214,14.43785095566406,1.0,-1.0,False
2021-03-09,152.10000609999997,138.36945,13.730560299218723,1.0,-1.0,False
2021-03-10,153.6399994,137.57484,16.06515503964843,1.0,-1.0,False
2021-03-11,157.7100067,137.98073,19.729278550585946,1.0,-1.0,False
2021-03-12,158.5800018,139.25256,19.32743832343749,1.0,-1.0,False
2021-03-15,154.47999569999996,138.86226,15.617736788867148,1.0,-1.0,False
2021-03-16,151.33999629999997,138.77588,12.564117393749967,-1.0,-1.0,True
2021-03-17,150.6699982,138.65169,12.018310577929697,-1.0,-1.0,True
2021-03-19,153.36999509999998,138.11855,15.25144956777342,-1.0,-1.0,True
2021-03-23,153.8699951,139.11235,14.757644636132824,1.0,-1.0,False
2021-03-24,156.0599976,139.48494,16.57505802480469,1.0,-1.0,False
2021-06-08,182.44999689999995,136.50542,45.94458002988276,1.0,-1.0,False
2021-06-09,183.8399963,136.51254,47.32745357539062,1.0,-1.0,False
2021-06-10,185.1999969,135.5589,49.64109797421875,1.0,-1.0,False
2021-06-11,177.02999879999996,136.39575,40.63424684687496,-1.0,-1.0,True
2021-11-01,180.4799957,138.66428,41.815719576953114,1.0,-1.0,False
2021-11-02,176.3200073,138.233,38.08700559101561,-1.0,-1.0,True
2021-11-03,177.36000059999998,139.10846,38.25154112734373,-1.0,-1.0,True
2021-11-04,179.02999879999996,137.80453,41.225463887890584,-1.0,-1.0,True
2021-11-05,184.3999939,138.36658,46.0334167515625,1.0,-1.0,False
2021-11-08,184.3899994,138.67297,45.717025767187494,1.0,-1.0,False
2021-11-09,187.42999269999999,139.00374,48.42625429667967,1.0,-1.0,False
2021-11-10,186.21000669999998,139.05435,47.155654893359355,1.0,-1.0,False
2021-11-11,184.64999389999997,139.50462,45.14537048691403,1.0,-1.0,False
2021-11-12,185.9600067,138.2038,47.75621031328126,1.0,-1.0,False
2021-11-15,185.0899963,138.54181,46.548187217968746,1.0,-1.0,False
2021-11-16,185.0599976,138.64748,46.41252140371094,-1.0,-1.0,True
2021-11-18,179.83000179999996,137.1361,42.693908660351525,-1.0,-1.0,True
2021-11-19,177.47000119999998,136.71622,40.75378415898436,-1.0,-1.0,True
2021-11-22,177.85000609999997,136.42445,41.42555236464841,-1.0,-1.0,True
2021-11-23,178.28999329999996,137.12466,41.16532899335934,-1.0,-1.0,True
2021-11-26,182.46000669999998,137.75188,44.70812986894529,1.0,-1.0,False
2021-12-01,182.4799957,137.96931,44.51068112480468,1.0,-1.0,False
2021-12-02,180.7700043,139.22736,41.54264834296876,-1.0,-1.0,True
2021-12-03,182.35000609999997,138.9874,43.3626098597656,-1.0,-1.0,True
2021-12-06,176.11999509999998,139.19711,36.92288206289061,-1.0,-1.0,True
2021-12-07,180.77999879999996,138.68147,42.098526021679646,-1.0,-1.0,True
2021-12-08,186.74999999999997,138.64513,48.104873657226534,1.0,-1.0,False
2021-12-09,187.33999629999997,138.97485,48.36514278437497,1.0,-1.0,False
2021-12-10,184.03999329999996,139.80008,44.23991395429684,1.0,-1.0,False
2021-12-13,181.9499969,139.18684,42.76315302792969,1.0,-1.0,False
2021-12-15,181.3600006,138.7132,42.646804799218756,-1.0,-1.0,True
2021-12-16,183.7799988,138.57306,45.20693971796874,-1.0,-1.0,True
2021-12-17,185.89999389999997,139.05069,46.849304202734345,1.0,-1.0,False
2021-12-20,184.74999999999997,139.19537,45.55462646484372,1.0,-1.0,False
2021-12-21,183.67999269999999,139.28195,44.39804079570311,1.0,-1.0,False
2021-12-22,184.08000179999996,139.63174,44.44825741523434,1.0,-1.0,False
2021-12-23,185.30000309999997,139.62248,45.67752080019528,1.0,-1.0,False
2021-12-27,186.2899933,139.3609,46.92909242109374,1.0,-1.0,False
2021-12-28,199.19000239999997,138.50755,60.68244929941403,1.0,-1.0,False
2021-12-29,196.9499969,139.30132,57.648681592382815,1.0,-1.0,False
2021-12-30,199.74999999999997,139.26651,60.48348999023435,1.0,-1.0,False
2021-12-31,200.44000239999997,139.05205,61.38795467050778,1.0,-1.0,False
2022-01-03,200.3500061,138.72174,61.62826537734375,1.0,-1.0,False
2022-01-04,201.8999939,137.76724,64.13275146835937,1.0,-1.0,False
2022-01-05,206.6100006,136.77419,69.83581541933594,1.0,-1.0,False
2022-01-06,211.36999509999995,137.22815,74.14184568593745,1.0,-1.0,False
2022-01-07,210.69000239999997,136.95464,73.73536677988278,1.0,-1.0,False
2022-01-10,207.47000119999998,136.52728,70.94271848515623,1.0,-1.0,False
2022-01-11,202.41999819999998,136.92725,65.49275210624998,1.0,-1.0,False
2022-01-12,201.4700012,137.1788,64.29119870976564,-1.0,-1.0,True
2022-01-13,199.7700043,137.01509,62.7549133576172,-1.0,-1.0,True
2022-01-14,197.6999969,136.50902,61.190978955664065,-1.0,-1.0,True
2022-01-18,197.0099945,136.81624,60.19375609667969,-1.0,-1.0,True
2022-01-21,193.1300049,137.1954,55.934600847265614,-1.0,-1.0,True
2022-01-24,198.4499969,137.4029,61.04710383359375,1.0,-1.0,False
2022-01-25,196.4299927,137.58992,58.8400726560547,-1.0,-1.0,True
2022-01-26,199.6600037,137.60126,62.058746375781254,1.0,-1.0,False
2022-01-28,196.8800049,138.42854,58.451461809179676,1.0,-1.0,False
2022-01-31,197.24000549999997,137.76245,59.47755432812497,-1.0,-1.0,True
2022-02-01,200.32000729999996,137.91124,62.40876767597652,1.0,-1.0,False
2022-02-02,201.3699951,138.16365,63.2063445873047,1.0,-1.0,False
2022-02-03,194.41000370000003,138.03812,56.37188724492191,-1.0,-1.0,True
2022-02-04,192.7100067,138.06422,54.645782456835946,-1.0,-1.0,True
2022-02-07,188.9700012,138.16696,50.80303953007814,-1.0,-1.0,True
2022-02-08,189.3999939,137.94545,51.454544070898436,-1.0,-1.0,True
2022-02-09,190.30000309999997,137.28818,53.011825609765594,-1.0,-1.0,True
2022-02-10,186.53999329999996,138.14597,48.39402772382809,-1.0,-1.0,True
2022-02-11,188.9700012,138.49963,50.47036741093751,-1.0,-1.0,True
2022-02-14,185.6399994,138.15819,47.481811533789056,-1.0,-1.0,True
2022-02-16,182.22999569999996,138.34245,43.88754269707027,-1.0,-1.0,True
2022-02-17,185.38000489999996,137.86708,47.5129242115234,-1.0,-1.0,True
2022-02-18,182.94999689999997,138.07008,44.87991328183591,-1.0,-1.0,True
2022-02-22,181.71000669999998,138.7769,42.93310545488279,-1.0,-1.0,True
2022-02-23,179.14999389999997,138.30258,40.847412112890595,-1.0,-1.0,True
2022-02-24,176.08999629999994,138.07043,38.01956172968744,-1.0,-1.0,True
2022-02-25,170.75,138.42506,32.32493591308594,-1.0,-1.0,True
2022-02-28,160.1699982,138.03316,22.136840851367197,-1.0,-1.0,True
2022-03-01,156.33999629999997,138.9691,17.37089534785153,-1.0,-1.0,True
2022-03-02,164.05000309999997,139.17285,24.87715153749997,-1.0,-1.0,True
2022-03-03,164.4299927,139.15172,25.278274560351576,-1.0,-1.0,True
2022-03-04,158.2700043,137.91795,20.352050808789073,-1.0,-1.0,True
2022-03-07,161.0899963,138.68831,22.401687584179683,1.0,-1.0,False
2022-03-08,165.92999269999999,138.81018,27.119812035937485,1.0,-1.0,False
2022-03-10,171.74000549999994,138.61705,33.1229553291015,1.0,-1.0,False
2022-03-14,171.8000031,138.56784,33.23216252382812,1.0,-1.0,False
2022-03-15,172.82000729999996,138.09268,34.72732541523433,1.0,-1.0,False
2022-03-16,175.77999879999996,137.44661,38.333389302929646,1.0,-1.0,False
2022-03-17,180.2700043,138.62912,41.640884426953136,1.0,-1.0,False
2022-08-19,151.77000429999998,139.08537,12.684631375195295,-1.0,-1.0,True
2022-08-22,151.77000429999998,139.44661,12.32339480292967,-1.0,-1.0,True
2022-08-23,150.16999819999998,138.7902,11.379791290820293,-1.0,-1.0,True
2022-08-24,149.3699951,137.93718,11.432815534570324,-1.0,-1.0,True
2022-08-25,146.8000031,138.09981,8.700195360742185,-1.0,-1.0,True
2022-08-26,145.5599976,137.16527,8.394729655664065,-1.0,-1.0,True
2022-08-29,143.94000239999997,137.95322,5.986785847265594,-1.0,-1.0,True
2022-08-30,143.33999629999997,138.44398,4.896011314648405,-1.0,-1.0,True
2022-08-31,144.1300049,138.30905,5.820953386328114,-1.0,-1.0,True
2022-09-01,145.5899963,138.2056,7.384399376171871,-1.0,-1.0,True
2022-09-02,145.03999329999996,138.68837,6.351623549023401,-1.0,-1.0,True
2022-09-06,140.2299957,138.76521,1.4647826873046768,-1.0,-1.0,True
2022-09-07,141.4700012,139.0243,2.4456939490234504,-1.0,-1.0,True
2022-09-08,140.44999690000003,139.20924,1.240753125585968,-1.0,-1.0,True
2022-09-09,140.7400055,139.09698,1.6430206367187452,-1.0,-1.0,True
2022-09-12,141.4499969,138.69434,2.755660962500002,-1.0,-1.0,True
2022-09-13,140.7299957,138.6592,2.0708007537109268,1.0,-1.0,False
2022-09-14,137.5800018,139.19604,-1.616043121875009,-1.0,-1.0,True
2022-09-15,139.0500031,138.52525,0.5247498041015604,-1.0,-1.0,True
2022-09-16,137.2799988,138.73334,-1.4533386023437629,-1.0,-1.0,True
2022-09-19,135.6199951,139.32053,-3.7005310230468638,-1.0,-1.0,True
2022-09-20,135.7400055,138.64615,-2.90614318164063,-1.0,-1.0,True
2022-09-21,136.8899994,138.73785,-1.8478546039062564,-1.0,1.0,False
2022-09-22,133.7599945,138.82391,-5.063919074218745,-1.0,-1.0,True
2022-09-23,130.2899933,137.62543,-7.335433946093758,-1.0,1.0,False
2022-09-26,135.5899963,136.67087,-1.0808716199218793,-1.0,1.0,False
2022-09-27,139.8500061,137.69235,2.1576538050781267,1.0,1.0,True
2022-09-28,138.0899963,137.2877,0.8022918322265582,1.0,1.0,True
2022-09-29,136.1699982,136.2834,-0.11340328925780341,1.0,1.0,True
2022-09-30,135.8500061,136.63686,-0.7868499791015608,1.0,1.0,True
2022-10-03,134.8600006,136.13788,-1.2778778179687436,-1.0,1.0,False
2022-10-04,135.0599976,137.74805,-2.6880492749999974,-1.0,-1.0,True
2022-10-05,135.0,137.17638,-2.1763763427734375,-1.0,-1.0,True
2022-10-06,136.3800049,135.57751,0.8024902515624888,1.0,-1.0,False
2022-10-07,134.1100006,136.05261,-1.9426117046874936,-1.0,1.0,False
2022-10-10,136.1600037,137.391,-1.2310027697265582,1.0,1.0,True
2022-10-11,134.2599945,136.04634,-1.7863464423828077,-1.0,1.0,False
2022-10-12,132.9700012,135.89645,-2.926452657421862,-1.0,1.0,False
2022-10-13,133.2400055,134.74184,-1.5018310478515673,-1.0,-1.0,True
2022-10-14,133.7599945,134.62854,-0.8685455390624952,-1.0,1.0,False
2022-10-17,134.7400055,134.33102,0.4089813300781202,-1.0,-1.0,True
2022-10-18,137.0700073,133.42638,3.6436309572265486,1.0,-1.0,False
2022-10-19,137.9299927,133.89201,4.037979150195326,1.0,1.0,True
2022-10-20,136.4700012,133.60765,2.8623504431640754,1.0,1.0,True
2022-10-21,139.5200043,133.92795,5.592056301953136,1.0,1.0,True
2022-10-24,138.8099976,134.516,4.29399113027344,1.0,-1.0,False
2022-10-25,135.1600037,133.64577,1.5142364880859418,-1.0,-1.0,True
2022-10-26,135.3899994,134.74016,0.6498413189453061,-1.0,-1.0,True
2022-10-27,135.25,135.29677,-0.0467681884765625,-1.0,-1.0,True
2022-10-28,137.3500061,134.37428,2.975723263085939,-1.0,-1.0,True
2022-11-01,137.5,133.4502,4.0498046875,1.0,-1.0,False
2022-11-03,140.5200043,133.25562,7.264389065625011,1.0,-1.0,False
2022-11-07,142.11999509999998,133.52484,8.595153791406233,1.0,-1.0,False
2022-11-08,143.75,135.05661,8.693389892578125,1.0,-1.0,False
2022-11-09,142.11999509999998,133.44553,8.674468976953108,1.0,-1.0,False
2022-11-10,142.92999269999996,135.61478,7.315216088671832,1.0,-1.0,False
2022-11-11,143.1900024,136.09546,7.094543415624997,-1.0,-1.0,True
2022-11-14,142.16000369999998,136.79732,5.362686195117163,1.0,-1.0,False
2022-11-15,145.33000179999996,137.98492,7.3450774835937125,1.0,-1.0,False
2022-11-16,146.71000669999998,137.18001,9.529998765429667,1.0,-1.0,False
2022-11-17,148.2700043,137.85226,10.417739895703136,1.0,-1.0,False
2022-11-18,146.50999449999998,138.26894,8.241058342773414,1.0,-1.0,False
2022-11-21,145.3999939,138.0907,7.309295657812498,1.0,-1.0,False
2022-11-22,147.69000239999997,137.67052,10.019485432226531,1.0,-1.0,False
2022-11-23,147.66000369999998,137.8443,9.815704383593726,1.0,-1.0,False
2022-11-25,146.5299988,136.96878,9.561218282421862,-1.0,-1.0,True
2022-11-28,143.1900024,136.11177,7.078231770117185,-1.0,-1.0,True
2022-11-30,141.8600006,136.4844,5.375595082421881,-1.0,-1.0,True
2022-12-01,142.2799988,135.97844,6.3015594689453,-1.0,-1.0,True
2022-12-02,143.33999629999997,136.59277,6.747222862499967,-1.0,-1.0,True
2022-12-06,144.49999999999997,138.43643,6.063568115234347,1.0,-1.0,False
2022-12-08,141.6600037,139.12686,2.5331421277343793,-1.0,-1.0,True
2022-12-09,140.42999270000004,138.53389,1.8961029294922298,-1.0,-1.0,True
2022-12-12,139.6100006,138.6389,0.9710998431640689,-1.0,-1.0,True
2022-12-13,138.8300018,138.3973,0.4327087091796784,-1.0,-1.0,True
2022-12-14,137.4600067,138.61092,-1.1509094376953044,-1.0,-1.0,True
2022-12-15,137.0,139.55928,-2.5592803955078125,-1.0,-1.0,True
2022-12-16,137.1399994,139.73593,-2.5959319964843814,-1.0,-1.0,True
2022-12-19,136.1600037,139.99132,-3.831314049023433,-1.0,1.0,False
2022-12-20,134.1300049,139.6882,-5.558197004296886,-1.0,1.0,False
2022-12-21,137.4100037,139.16167,-1.7516631701171832,-1.0,1.0,False
2022-12-22,136.5800018,138.15381,-1.573806793750009,-1.0,1.0,False
2022-12-23,138.2799988,139.54114,-1.2611388953125129,1.0,1.0,True
2022-12-27,137.1900024,137.03915,0.15084834726562235,1.0,1.0,True
2022-12-28,135.5200043,136.61563,-1.0956268035156143,1.0,1.0,True
2022-12-29,138.9700012,137.00183,1.9681701453125129,1.0,-1.0,False
2022-12-30,139.9400024,137.23091,2.709091145117185,1.0,1.0,True
2023-01-03,139.1399994,139.5792,-0.43919371523438144,1.0,1.0,True
2023-01-04,138.8500061,138.2404,0.6096038783203142,1.0,1.0,True
2023-01-05,142.36000059999995,137.3894,4.97059630312495,1.0,1.0,True
2023-01-06,140.3000031,136.35904,3.940963793359373,1.0,-1.0,False
2023-01-09,144.77000429999998,138.35123,6.418777493359357,1.0,-1.0,False
2023-01-10,145.5099945,137.86906,7.640930168945317,1.0,-1.0,False
2023-01-11,144.17999269999996,138.45331,5.726684594531207,1.0,-1.0,False
2023-01-12,146.11000059999995,138.02069,8.0893096820312,1.0,-1.0,False
2023-01-13,146.0299988,136.53778,9.492218038281237,1.0,-1.0,False
2023-01-17,146.00999449999995,137.33582,8.674179070312448,1.0,-1.0,False
2023-01-18,146.1499939,137.23163,8.918365482031248,1.0,-1.0,False
2023-01-19,145.47000119999998,136.58163,8.88836667851561,1.0,-1.0,False
2023-01-23,145.17999269999999,137.21799,7.9620056394531105,-1.0,-1.0,True
2023-01-24,147.11000059999998,137.99458,9.115417470117166,1.0,-1.0,False
2023-01-25,148.5800018,138.55728,10.022720305859366,1.0,-1.0,False
2023-01-26,146.61999509999998,138.28665,8.333343488671858,1.0,-1.0,False
2023-01-27,144.71000669999998,138.73431,5.97569273515623,-1.0,-1.0,True
2023-01-30,143.78999329999996,137.38083,6.4091644425780885,-1.0,-1.0,True
2023-01-31,144.63999939999997,137.63652,7.003479014257778,-1.0,-1.0,True
2023-02-01,143.83000179999996,138.15045,5.6795501398437125,-1.0,-1.0,True
2023-02-02,144.8300018,137.72363,7.106368987499991,-1.0,-1.0,True
2023-02-03,143.41999819999998,138.68523,4.734771759570293,-1.0,-1.0,True
2023-02-06,143.8600006,139.02219,4.837814320703131,1.0,-1.0,False
2023-02-07,142.64999389999997,139.08109,3.568908694921845,-1.0,-1.0,True
2023-02-08,140.9700012,138.30875,2.661254862109388,-1.0,-1.0,True
2023-02-09,142.69999689999997,138.66263,4.037368726171849,-1.0,-1.0,True
2023-02-10,142.85000609999997,138.94608,3.9039306605468482,-1.0,-1.0,True
2023-02-13,139.17999270000004,139.61018,-0.4301910158202702,-1.0,-1.0,True
2023-02-14,138.6499939,140.0857,-1.4356994593750017,-1.0,-1.0,True
2023-02-15,138.9499969,139.49484,-0.5448456292968729,-1.0,-1.0,True
2023-02-16,136.0500031,140.29677,-4.246765088476565,-1.0,-1.0,True
2023-02-17,136.25,139.17262,-2.9226226806640625,-1.0,-1.0,True
2023-02-21,135.9199982,138.73792,-2.817916839062491,-1.0,-1.0,True
2023-02-22,136.5299988,139.22894,-2.698944071093763,-1.0,1.0,False
2023-02-23,137.2700043,139.95554,-2.6855315886718643,-1.0,1.0,False
2023-02-24,139.8300018,138.13872,1.6912841486328034,1.0,1.0,True
2023-02-27,140.1300049,137.812,2.3180084400390513,1.0,1.0,True
2023-02-28,139.0800018,137.50226,1.577743499218741,1.0,1.0,True
2023-03-01,139.7100067,137.99217,1.7178344587890706,1.0,1.0,True
2023-03-02,138.5200043,137.32213,1.1978760041015732,1.0,1.0,True
2023-03-03,137.9700012,139.66743,-1.6974334923827996,-1.0,-1.0,True
2023-03-06,137.1199951,139.46797,-2.3479767017578013,-1.0,-1.0,True
2023-03-07,136.6699982,139.385,-2.7149963068359284,-1.0,1.0,False
2023-03-08,133.5800018,139.25201,-5.672012360156259,-1.0,-1.0,True
2023-03-09,135.8999939,139.1433,-3.243301388085939,-1.0,1.0,False
2023-03-10,133.4799957,138.46526,-4.985260037304698,-1.0,1.0,False
2023-03-13,135.1300049,136.93054,-1.8005370921875112,-1.0,-1.0,True
2023-03-14,135.7799988,136.32843,-0.5484313757812629,-1.0,-1.0,True
2023-03-15,135.5700073,136.50891,-0.9389038328125139,1.0,1.0,True
2023-03-16,135.8699951,136.25278,-0.38278199960936377,-1.0,1.0,False
2023-03-17,136.6499939,135.32425,1.3257446324218733,1.0,1.0,True
2023-03-21,137.9299927,133.36916,4.560836816210951,1.0,-1.0,False
2023-03-22,139.6699982,133.74109,5.928909332812509,1.0,-1.0,False
2023-03-23,139.6199951,134.236,5.384002668359386,1.0,-1.0,False
2023-06-07,165.5700073,139.0893,26.480712866406236,1.0,-1.0,False
2023-06-08,168.1799927,138.86922,29.3107757810547,1.0,-1.0,False
2023-06-09,164.35000610000003,137.39383,26.956176754296905,1.0,-1.0,False
2023-06-12,157.14999389999997,136.58119,20.568801883398407,1.0,-1.0,False
2023-06-13,156.49999999999997,136.49168,20.008316040039034,-1.0,-1.0,True
2023-06-14,157.11000059999998,137.00705,20.102951039453103,-1.0,-1.0,True
2023-06-15,153.38000489999996,135.76665,17.613357561132773,-1.0,-1.0,True
2023-06-16,154.55000309999997,135.3808,19.16920476015622,-1.0,-1.0,True
2023-06-20,157.17999269999999,135.08597,22.09402468242186,1.0,-1.0,False
2023-06-21,160.1100006,135.51413,24.59587096132813,1.0,-1.0,False
2023-06-22,160.3999939,136.87587,23.524124149023436,1.0,-1.0,False
2023-06-23,160.75,135.98177,24.768234252929688,1.0,-1.0,False
2023-06-26,160.47000119999998,137.01106,23.458938577929672,1.0,-1.0,False
2023-06-28,160.83000179999996,136.38531,24.444686858593712,1.0,-1.0,False
2023-06-29,161.77000429999998,136.29417,25.475830105664045,1.0,-1.0,False
2023-06-30,160.24000549999997,136.39122,23.84878540722653,-1.0,-1.0,True
2023-07-03,158.41999819999998,136.40855,22.011444122851543,-1.0,-1.0,True
2023-07-05,159.27000429999998,136.87846,22.391540554882795,-1.0,-1.0,True
2023-07-06,160.35000609999997,136.1521,24.197906490624973,-1.0,-1.0,True
2023-07-07,159.1499939,136.78609,22.363906863867186,-1.0,-1.0,True
2023-07-10,159.4499969,136.32634,23.123657178320315,-1.0,-1.0,True
2023-07-11,163.1900024,136.34737,26.842636066992185,1.0,-1.0,False
2023-07-12,163.9700012,137.75879,26.211212137500013,1.0,-1.0,False
2023-07-13,163.27999879999996,136.98505,26.29495241328121,1.0,-1.0,False
2023-07-14,162.80999759999997,137.17636,25.6336365160156,1.0,-1.0,False
2023-07-17,164.52999879999996,137.50711,27.022888204296834,1.0,-1.0,False
2023-07-18,165.5599976,138.03505,27.52494816152344,1.0,-1.0,False
2023-07-19,165.6999969,137.56474,28.135253858007815,1.0,-1.0,False
2023-07-20,165.42999269999999,137.76439,27.665603661914048,1.0,-1.0,False
2023-07-21,167.14999389999997,137.80098,29.349014285742157,1.0,-1.0,False
2023-07-24,168.2400055,138.03584,30.204162604492183,1.0,-1.0,False
2023-07-25,171.8399963,137.73996,34.10003658320312,1.0,-1.0,False
2023-07-26,173.8500061,137.35703,36.49298095351563,1.0,-1.0,False
2023-07-27,168.57000729999993,137.89398,30.67602536640618,1.0,-1.0,False
2023-07-28,170.78999329999996,137.39627,33.39372254804684,1.0,-1.0,False
2023-07-31,173.38999939999997,136.99704,36.39295960507809,1.0,-1.0,False
2023-08-01,170.28999329999994,137.132,33.15798951582025,-1.0,-1.0,True
2023-08-02,167.22999570000002,136.84555,30.384445162890643,-1.0,-1.0,True
2023-08-03,167.6600037,135.88783,31.772171058398442,-1.0,-1.0,True
2023-08-04,167.2799988,136.60341,30.676589986523425,-1.0,-1.0,True
2023-08-07,166.69999689999997,136.73688,29.963119458593724,-1.0,-1.0,True
2023-08-08,165.38999939999994,136.59383,28.796173106054624,-1.0,-1.0,True
2023-08-09,162.24000549999997,136.75061,25.489395148437467,-1.0,-1.0,True
2023-08-10,162.2799988,136.87027,25.409729024609362,-1.0,-1.0,True
2023-08-11,161.8699951,136.82173,25.0482635326172,-1.0,-1.0,True
2023-08-14,162.7899933,138.0964,24.693588270703117,-1.0,-1.0,True
2023-08-15,164.9900055,138.8958,26.094207770507808,-1.0,-1.0,True
2023-08-16,165.91000369999998,138.84631,27.063690223437476,1.0,-1.0,False
2023-08-17,162.77999879999993,138.66068,24.119323751171805,1.0,-1.0,False
2023-08-18,164.4600067,138.67686,25.78314207597657,1.0,-1.0,False
2023-08-21,167.24999999999997,138.77654,28.473464965820284,1.0,-1.0,False
2023-08-22,167.3899994,139.07805,28.311950693945306,1.0,-1.0,False
2023-08-23,168.0500031,139.36049,28.689514208398435,1.0,-1.0,False
2023-08-24,172.13000489999996,139.84058,32.28942872812496,1.0,-1.0,False
2023-08-25,172.53999329999996,139.97911,32.560882582226526,1.0,-1.0,False
2023-08-28,175.36999509999998,139.02742,36.34257505605467,1.0,-1.0,False
2023-08-29,178.8300018,139.32309,39.506912200390616,1.0,-1.0,False
2023-08-30,178.8699951,139.58748,39.2825164623047,1.0,-1.0,False
2023-08-31,177.13000489999996,138.75021,38.379791276953085,1.0,-1.0,False
2023-09-01,178.66999819999998,137.88287,40.78712466484373,1.0,-1.0,False
2023-09-05,181.27999879999996,138.33055,42.94944765253902,1.0,-1.0,False
2023-09-06,183.97999569999996,136.9612,47.0187988005859,1.0,-1.0,False
2023-09-07,187.9799957,136.24289,51.737106295703114,1.0,-1.0,False
2023-09-08,189.19999689999997,136.52045,52.679550122656224,1.0,-1.0,False
2023-09-11,188.9600067,136.71494,52.24507139726563,1.0,-1.0,False
2023-09-12,195.0399933,136.64687,58.39312745527343,1.0,-1.0,False
2023-09-13,188.75,136.11945,52.63055419921875,1.0,-1.0,False
2023-09-15,187.1000061,136.84775,50.25225829726563,-1.0,-1.0,True
2023-09-18,184.83999629999997,136.28352,48.556472740429655,-1.0,-1.0,True
2023-09-19,180.49999999999997,137.13377,43.366226196289034,-1.0,-1.0,True
2023-09-20,182.3899994,136.36891,46.02108765683593,-1.0,-1.0,True
2023-09-21,182.41999819999998,136.6127,45.807296783984356,-1.0,-1.0,True
2023-09-22,179.74999999999997,137.14403,42.605972290039034,-1.0,-1.0,True
2023-09-25,178.4600067,136.2072,42.25280760332032,-1.0,-1.0,True
2023-09-26,173.6499939,137.14651,36.50347900742187,-1.0,-1.0,True
2023-09-27,169.4499969,137.53052,31.919479321875002,-1.0,-1.0,True
2023-09-28,173.0399933,136.661,36.378997816601554,-1.0,-1.0,True
2023-09-29,173.1799927,137.05489,36.1251068357422,-1.0,-1.0,True
2023-10-02,174.11999509999998,137.49704,36.62295530507811,-1.0,-1.0,True
2023-10-03,177.14999389999997,138.7367,38.41329956406247,1.0,-1.0,False
2023-10-04,178.0299988,138.08598,39.9440155236328,1.0,-1.0,False
2023-10-05,181.60000609999997,138.31955,43.2804565394531,1.0,-1.0,False
2023-10-06,177.6799927,137.84306,39.836929345507826,1.0,-1.0,False
2023-10-09,179.10000609999997,138.37785,40.722152706445286,1.0,-1.0,False
2023-10-10,178.22000119999996,139.63516,38.58483884648433,1.0,-1.0,False
2023-10-11,175.97999569999993,139.01132,36.96867367851556,-1.0,-1.0,True
2023-10-12,174.69999689999997,138.75809,35.94190974179685,-1.0,-1.0,True
2023-10-13,173.47999569999993,138.46283,35.01716611015618,-1.0,-1.0,True
2023-10-16,173.8099976,137.7408,36.06919864980469,-1.0,-1.0,True
2023-10-17,174.11999509999998,137.18533,36.93466184804686,-1.0,-1.0,True
2023-10-18,175.1799927,137.31206,37.867935204882826,-1.0,-1.0,True
2023-10-19,171.61000059999998,137.9039,33.7061004535156,-1.0,-1.0,True
2023-10-20,172.80999759999997,138.02031,34.78968815175779,-1.0,-1.0,True
2023-10-23,171.39999389999997,138.04245,33.357543948828095,-1.0,-1.0,True
2023-10-24,175.1799927,137.86066,37.319335961718764,1.0,-1.0,False
2023-10-25,185.77999879999996,138.95505,46.824951192578084,1.0,-1.0,False
2023-10-26,186.55000309999997,138.71075,47.83924870546872,1.0,-1.0,False
2023-10-27,189.58999629999997,138.92209,50.66790767695309,1.0,-1.0,False
2023-10-30,189.64999389999997,139.1812,50.46879577988278,1.0,-1.0,False
2023-10-31,189.5700073,138.8959,50.67410275898436,1.0,-1.0,False
2023-11-01,183.41999819999998,137.85167,45.56832888847654,-1.0,-1.0,True
2023-11-02,184.22000119999998,137.44817,46.7718353064453,-1.0,-1.0,True
2023-11-03,187.0,137.68524,49.31475830078125,-1.0,-1.0,True
2023-11-06,187.7400055,136.93736,50.80264282910156,-1.0,-1.0,True
2023-11-07,192.0800018,137.16151,54.91848751777343,1.0,-1.0,False
2023-11-08,189.11000059999998,137.64514,51.46485899843748,1.0,-1.0,False
2023-11-09,190.39999389999997,137.59874,52.80125427597653,1.0,-1.0,False
2023-11-10,193.3600006,137.45764,55.902358998437506,1.0,-1.0,False
2023-11-13,187.6799927,136.79059,50.889404321093764,-1.0,-1.0,True
2023-11-14,183.21000669999998,137.23396,45.97604368730467,-1.0,-1.0,True
2023-11-15,184.2299957,136.1516,48.07839963066405,-1.0,-1.0,True
2023-11-16,188.3000031,136.90735,51.3926544671875,-1.0,-1.0,True
2023-11-17,186.61000059999998,136.50708,50.10292052187498,-1.0,-1.0,True
2023-11-20,187.1600037,136.26482,50.89518741582032,-1.0,-1.0,True
2023-11-21,189.5099945,137.27798,52.23200988085938,1.0,-1.0,False
2023-11-22,189.7799988,138.02988,51.75012209101561,1.0,-1.0,False
2023-11-24,192.7400055,137.52158,55.21842957226562,1.0,-1.0,False
2023-11-27,187.36999509999998,137.40562,49.964370710351545,1.0,-1.0,False
2023-11-28,187.99000549999997,138.30933,49.68067932812497,1.0,-1.0,False
2023-11-29,189.8899994,139.18967,50.70033265195312,1.0,-1.0,False
2023-11-30,190.2400055,138.372,51.86801148144531,1.0,-1.0,False
2023-12-01,187.2799988,138.7411,48.538894674023425,-1.0,-1.0,True
2023-12-04,187.0800018,138.53654,48.5434570001953,-1.0,-1.0,True
2023-12-05,184.80000309999997,138.72797,46.07203679140622,-1.0,-1.0,True
2023-12-06,185.4799957,138.10751,47.372482272265614,-1.0,-1.0,True
2023-12-07,183.41999819999998,138.13568,45.28431704765623,-1.0,-1.0,True
2023-12-08,180.61999509999995,138.56145,42.05854795644527,-1.0,-1.0,True
2023-12-11,183.27999879999996,138.53815,44.74185182734371,-1.0,-1.0,True
2023-12-12,183.9499969,138.76193,45.18806452695313,-1.0,-1.0,True
2023-12-13,179.94000239999997,138.61414,41.32586665781247,-1.0,-1.0,True
2023-12-14,180.8600006,139.12543,41.734573353906256,-1.0,-1.0,True
2023-12-15,178.5299988,139.41898,39.11102296992186,-1.0,-1.0,True
2023-12-18,179.85000609999997,140.0403,39.80970763808591,-1.0,-1.0,True
2023-12-20,181.11000059999998,138.62604,42.48396300234373,1.0,-1.0,False
2023-12-21,183.38000489999996,139.06073,44.31927491953121,1.0,-1.0,False
2023-12-22,181.3699951,138.44232,42.92767332265626,1.0,-1.0,False
2023-12-26,181.55000309999997,137.8426,43.70739750917966,1.0,-1.0,False
2024-03-11,238.66000369999998,137.44196,101.21804813359373,1.0,-1.0,False
2024-03-12,244.32000729999996,137.08118,107.23883054218746,1.0,-1.0,False
2024-03-13,246.7200012,136.88187,109.83813474492189,1.0,-1.0,False
2024-03-14,251.4799957,137.25565,114.22434994804686,1.0,-1.0,False
2024-03-15,254.7700043,137.39934,117.37066653144532,1.0,-1.0,False
2024-03-18,252.4100037,136.82704,115.58296207402344,1.0,-1.0,False
2024-03-19,253.7200012,136.56705,117.15295408085939,1.0,-1.0,False
2024-03-20,252.1499939,136.98036,115.16963196152344,1.0,-1.0,False
2024-03-22,242.1499939,136.84102,105.30897522324219,-1.0,-1.0,True
2024-03-25,239.88999939999997,136.42532,103.46467591367184,-1.0,-1.0,True
2024-03-26,241.77999879999996,136.84116,104.93884279414058,-1.0,-1.0,True
2024-03-27,239.1600037,136.87254,102.28746036503907,-1.0,-1.0,True
2024-08-01,169.3699951,138.51305,30.856948835351574,-1.0,-1.0,True
2024-08-02,168.58999630000002,139.09816,29.49183650996096,-1.0,-1.0,True
2024-08-05,167.97000119999998,138.82066,29.149337747851547,-1.0,-1.0,True
2024-08-06,172.3899994,138.73212,33.657882700781244,1.0,-1.0,False
2024-08-07,177.0099945,138.07812,38.931869500000005,1.0,-1.0,False
2024-08-08,181.7899933,139.05717,42.732818617382804,1.0,-1.0,False
2024-08-09,182.6699982,138.87617,43.7938232732422,1.0,-1.0,False
2024-08-12,183.69999689999997,139.28705,44.412948560156224,1.0,-1.0,False
2024-08-13,181.3399963,138.71385,42.62614437128906,1.0,-1.0,False
2024-08-14,183.61999509999998,138.62708,44.99291990468748,1.0,-1.0,False
2024-08-16,185.0899963,137.67091,47.41908260371093,1.0,-1.0,False
2024-08-19,180.5700073,137.93025,42.639755224804674,-1.0,-1.0,True
2024-08-20,185.75,137.76709,47.98291015625,1.0,-1.0,False
2024-08-22,187.7700043,137.23094,50.53906252753907,1.0,-1.0,False
2024-08-23,189.80000309999997,137.35039,52.44961552675778,1.0,-1.0,False
2024-08-26,186.1499939,137.14061,49.00938415878906,1.0,-1.0,False
2024-08-27,184.7100067,137.53659,47.17341612382813,-1.0,-1.0,True
